frame,frame_ms,events_ms,render_ms,mesh_deform_ms,simulation_ms,forces_ms,collision_ms,solver_ms,joints_ms,verts_deformed_n,faces_rendered_n,substeps_n,active_joints_n,broken_joints_n
0,2.8971,1.0651,1.5974,0.0040,259.4174,0.7031,233.8058,24.2948,0.4771,299928,99976,1,4907,0
1,1.3171,0.2388,0.8355,0.0148,44.1271,0.6007,16.9322,25.9777,0.4842,299928,99976,1,4907,0
2,1.1406,0.0350,0.8608,0.0144,19.4113,1.2648,9.8353,7.8753,0.3528,299928,99976,1,4907,0
3,0.9745,0.0300,0.7325,0.0113,18.0927,0.7016,8.9914,7.8537,0.4663,299928,99976,1,4907,0
4,1.9165,0.0372,1.6480,0.0116,18.2390,0.7835,8.8515,8.0604,0.4485,299928,99976,1,4907,0
5,2.0005,0.0325,1.7470,0.0118,18.2629,0.9135,8.6670,8.0878,0.4588,299928,99976,1,4907,0
6,1.0389,0.0309,0.7853,0.0131,18.1061,0.7120,8.9507,7.9605,0.3926,299928,99976,1,4907,0
7,0.9840,0.0366,0.7273,0.0111,18.1033,0.6658,8.8208,8.0948,0.4417,299928,99976,1,4907,0
8,1.0835,0.0312,0.8365,0.0125,18.3050,0.9191,8.6567,8.1575,0.4600,299928,99976,1,4907,0
9,1.5585,0.0560,1.2826,0.0127,18.1005,0.9545,8.4373,8.1074,0.4859,299928,99976,1,4907,0
10,0.9738,0.0276,0.7418,0.0121,17.9508,0.9589,8.4171,8.0474,0.4196,299928,99976,1,4907,0
11,3.1895,0.0445,2.7212,0.0231,18.4637,0.6542,8.9665,8.2985,0.4484,299928,99976,1,4907,0
12,1.5599,0.0274,1.3171,0.0121,13.6331,0.6999,6.5246,5.8820,0.4302,299928,99976,1,4907,0
13,1.0862,0.0280,0.8511,0.0111,11.2623,0.6853,4.2941,5.7314,0.4198,299928,99976,1,4907,0
14,0.9870,0.0298,0.7443,0.0123,11.3776,0.6126,4.4396,5.8001,0.4095,299928,99976,1,4907,0
15,0.9723,0.0298,0.7252,0.0112,11.2763,0.6306,4.3659,5.7454,0.4089,299928,99976,1,4907,0
16,1.1303,0.0284,0.8920,0.0113,11.5195,0.6460,4.5804,5.7769,0.3890,299928,99976,1,4907,0
17,1.4257,0.0295,1.1840,0.0115,11.4550,0.6675,4.4105,5.8226,0.3887,299928,99976,1,4907,0
18,1.3551,0.0282,1.1185,0.0119,11.3838,0.6486,4.3717,5.8264,0.3994,299928,99976,1,4907,0
19,1.4172,0.0292,0.9730,0.0117,11.5594,0.6190,4.5731,5.7940,0.3956,299928,99976,1,4907,0
20,1.0814,0.0546,0.7786,0.0129,11.4636,0.7078,4.3486,5.8083,0.4485,299928,99976,1,4907,0
21,1.3394,0.0397,0.9905,0.0116,11.5250,0.5909,4.4377,5.7975,0.5397,299928,99976,1,4907,0
22,1.1239,0.0333,0.8238,0.0123,12.1639,0.6239,4.5538,6.4139,0.4113,299928,99976,1,4907,0
23,1.3887,0.0312,1.1317,0.0125,11.2737,0.5588,4.4954,5.7436,0.3706,299928,99976,1,4907,0
24,1.0884,0.0318,0.8215,0.0136,11.4576,0.6481,4.4597,5.7430,0.4613,299928,99976,1,4907,0
25,1.3833,0.1769,0.9414,0.0123,11.5239,0.5778,4.5760,5.7583,0.4796,299928,99976,1,4907,0
26,0.9499,0.0305,0.7087,0.0120,11.6559,0.5741,4.6441,5.7712,0.5207,299928,99976,1,4907,0
27,0.9417,0.0267,0.7135,0.0116,14.9915,0.5682,4.3675,5.8068,2.0256,299928,99976,1,4905,2
28,1.0574,0.0302,0.8141,0.0130,16.8048,0.5327,4.6352,6.0241,1.9308,299928,99976,1,4903,4
29,0.9698,0.0298,0.7222,0.0114,15.9302,0.6493,4.5342,6.1084,1.8159,299928,99976,1,4901,6
30,0.9832,0.0297,0.7389,0.0122,15.7104,0.6607,4.5162,6.1808,1.8034,299928,99976,1,4899,8
31,0.9539,0.0277,0.7138,0.0126,16.2431,0.7058,4.7535,6.1581,1.7488,299928,99976,1,4897,10
32,0.9961,0.0734,0.7089,0.0118,15.6805,0.6685,4.6540,5.9244,1.8368,299928,99976,1,4895,12
33,1.8624,0.1220,0.8802,0.0134,17.7210,0.6455,4.4927,5.9736,1.9626,299928,99976,1,4893,14
34,1.0122,0.0959,0.7068,0.0116,18.0409,1.0853,4.6170,5.7478,2.1013,299928,99976,1,4891,16
35,1.1153,0.0884,0.8258,0.0109,16.2740,0.5399,4.5030,5.8202,1.8902,299928,99976,1,4889,18
36,1.1516,0.0938,0.8522,0.0113,15.5860,0.6367,4.6843,5.7832,1.7558,299928,99976,1,4887,20
37,1.0065,0.1105,0.6925,0.0114,16.5753,0.6145,4.8388,5.7245,1.7900,299928,99976,1,4885,22
38,2.1954,0.1680,1.6421,0.0167,16.6392,0.6525,4.8814,6.0347,2.2750,299928,99976,1,4883,24
39,2.0549,0.1474,1.6666,0.0133,11.7188,0.5699,4.7354,5.8747,0.4165,299928,99976,1,4883,24
40,1.3772,0.1955,0.7535,0.0119,11.6695,0.6223,4.6483,5.8792,0.3805,299928,99976,1,4883,24
41,1.7434,0.2191,1.1552,0.0116,11.8648,0.6800,4.8130,5.7612,0.4473,299928,99976,1,4883,24
42,1.4239,0.3652,0.8623,0.0108,11.7236,0.7314,4.7026,5.7246,0.4045,299928,99976,1,4883,24
43,1.2877,0.1948,0.9062,0.0118,11.5360,0.5554,4.6882,5.7643,0.4143,299928,99976,1,4883,24
44,1.5239,0.0739,1.2320,0.0118,11.6964,0.7397,4.4422,5.8597,0.4492,299928,99976,1,4883,24
45,1.0435,0.1032,0.7311,0.0214,12.4866,0.7386,4.4787,6.7039,0.4081,299928,99976,1,4883,24
46,0.9207,0.1017,0.6357,0.0102,11.9917,0.5873,4.6035,6.1712,0.4802,299928,99976,1,4883,24
47,1.4002,0.0818,1.1006,0.0105,11.9980,0.6389,4.5367,6.1515,0.5125,299928,99976,1,4883,24
48,1.0983,0.0920,0.8073,0.0117,11.0853,0.5702,4.1810,5.7793,0.4353,299928,99976,1,4883,24
49,1.5757,0.0928,1.2816,0.0134,11.6192,0.7176,4.4608,5.8305,0.4570,299928,99976,1,4883,24
50,1.2085,0.1662,0.8218,0.0121,11.2915,0.6283,4.2593,5.8113,0.4593,299928,99976,1,4883,24
51,1.1199,0.0896,0.8365,0.0110,11.9834,0.6407,4.4576,6.2994,0.4422,299928,99976,1,4883,24
52,1.0766,0.1190,0.7511,0.0121,11.9608,0.5409,4.5498,6.3203,0.4280,299928,99976,1,4883,24
53,0.9656,0.0241,0.7612,0.0097,11.8278,0.5417,4.5012,6.2283,0.4333,299928,99976,1,4883,24
54,2.3171,0.0223,2.0944,0.0109,11.6353,0.5683,4.4728,6.0576,0.4163,299928,99976,1,4883,24
55,0.9031,0.0250,0.6884,0.0101,11.3361,0.5416,4.3986,5.8812,0.3972,299928,99976,1,4883,24
56,1.6244,0.1253,1.2763,0.0120,11.4527,0.8445,4.3409,5.6948,0.4001,299928,99976,1,4883,24
57,1.0872,0.0433,0.8091,0.0115,11.2504,0.6421,4.3573,5.7345,0.3885,299928,99976,1,4883,24
58,1.1355,0.1273,0.7630,0.0116,11.1477,0.5774,4.3381,5.7308,0.3805,299928,99976,1,4883,24
59,1.1654,0.1011,0.8429,0.0242,11.2119,0.5856,4.2878,5.8155,0.3911,299928,99976,1,4883,24
60,1.0365,0.0829,0.7520,0.0110,11.4188,0.6924,4.4319,5.7356,0.3890,299928,99976,1,4883,24
61,1.3234,0.0740,1.0842,0.0089,11.1293,0.6678,4.2935,5.5596,0.3983,299928,99976,1,4883,24
62,0.7410,0.0169,0.5752,0.0078,11.3048,0.6573,4.3756,5.7252,0.3926,299928,99976,1,4883,24
63,0.9482,0.1058,0.6525,0.0105,11.0958,0.5558,4.3666,5.6883,0.3781,299928,99976,1,4883,24
64,1.1689,0.0711,0.9215,0.0092,11.1005,0.6546,4.2479,5.6263,0.4231,299928,99976,1,4883,24
65,2.9452,0.1176,2.4759,0.0192,11.3110,0.6998,4.3267,5.7114,0.4108,299928,99976,1,4883,24
66,0.8165,0.0837,0.5732,0.0085,11.5963,0.6895,4.5581,5.7540,0.4331,299928,99976,1,4883,24
67,1.0114,0.0993,0.7095,0.0118,11.3141,0.5669,4.5627,5.6283,0.4422,299928,99976,1,4883,24
68,1.0507,0.1011,0.7331,0.0113,11.6466,0.6280,4.4992,5.8261,0.5357,299928,99976,1,4883,24
69,1.3086,0.2504,0.8642,0.0112,11.2891,0.6051,4.3209,5.7220,0.4967,299928,99976,1,4883,24
70,0.8875,0.0837,0.6297,0.0096,11.7993,0.6824,4.6723,5.8371,0.4582,299928,99976,1,4883,24
71,1.2756,0.0657,1.0385,0.0092,11.5565,0.6119,4.3157,5.9556,0.5132,299928,99976,1,4883,24
72,0.9787,0.0734,0.7340,0.0101,12.0176,0.6480,4.8257,6.0053,0.4166,299928,99976,1,4883,24
73,1.3398,0.0709,1.1037,0.0089,12.0423,0.6717,4.8307,5.9988,0.4110,299928,99976,1,4883,24
74,0.9174,0.1698,0.5755,0.0088,11.5259,0.5946,4.3957,5.9541,0.4436,299928,99976,1,4883,24
75,0.9080,0.0230,0.6922,0.0093,11.4517,0.7258,4.3428,5.7956,0.4323,299928,99976,1,4883,24
76,0.7904,0.0196,0.5968,0.0085,11.4038,0.6443,4.4280,5.7756,0.4056,299928,99976,1,4883,24
77,2.0012,0.0178,1.8230,0.0092,11.3254,0.6255,4.3290,5.8217,0.4169,299928,99976,1,4883,24
78,1.2811,0.0203,1.0902,0.0097,11.2538,0.7378,4.2335,5.7490,0.3868,299928,99976,1,4883,24
79,1.3208,0.0196,1.1348,0.0083,11.1597,0.6326,4.2181,5.7752,0.4032,299928,99976,1,4883,24
80,1.1780,0.0204,0.9821,0.0097,11.2582,0.7255,4.3836,5.6108,0.3853,299928,99976,1,4883,24
81,1.3757,0.1450,0.8568,0.0130,11.4146,0.8807,4.2850,5.6978,0.3865,299928,99976,1,4883,24
82,0.8818,0.0861,0.6251,0.0093,11.1862,0.6803,4.2533,5.6319,0.4388,299928,99976,1,4883,24
83,1.0620,0.1073,0.7491,0.0104,11.5209,0.6229,4.4276,5.8248,0.4697,299928,99976,1,4883,24
84,0.8515,0.0238,0.6451,0.0112,11.5331,0.6553,4.4189,5.8233,0.4706,299928,99976,1,4883,24
85,0.9721,0.1706,0.6262,0.0093,11.5311,0.6601,4.3297,5.9122,0.4571,299928,99976,1,4883,24
86,1.2494,0.2113,0.8519,0.0112,11.2678,0.5318,4.3042,5.8762,0.4341,299928,99976,1,4883,24
87,1.6144,0.1412,1.1203,0.0101,12.0029,0.7094,4.5341,6.1385,0.4507,299928,99976,1,4883,24
88,1.1364,0.0180,0.9538,0.0091,11.7878,0.6698,4.3907,6.0781,0.4859,299928,99976,1,4883,24
89,1.4684,0.0885,1.1943,0.0100,11.9018,0.6071,4.4295,6.2609,0.4636,299928,99976,1,4883,24
90,1.2898,0.0673,1.0398,0.0109,12.3157,0.6449,4.5988,6.4484,0.4497,299928,99976,1,4883,24
91,0.8557,0.0763,0.6160,0.0109,12.0671,0.5827,4.4904,6.3567,0.4657,299928,99976,1,4883,24
92,0.9736,0.0702,0.7361,0.0094,12.0955,0.6704,4.5550,6.3036,0.4193,299928,99976,1,4883,24
93,1.7538,0.2200,1.0197,0.0096,12.2271,0.6801,4.7256,6.2881,0.4025,299928,99976,1,4883,24
94,1.1817,0.1932,0.7029,0.0102,11.7984,0.5843,4.5379,6.1508,0.3993,299928,99976,1,4883,24
95,2.1065,0.3733,1.3779,0.0117,11.8512,0.6482,4.7595,5.9188,0.3866,299928,99976,1,4883,24
96,1.2090,0.0277,0.9762,0.0107,11.5255,0.6531,4.3627,5.9451,0.4012,299928,99976,1,4883,24
97,1.3702,0.2724,0.8889,0.0112,11.4359,0.6806,4.3113,5.8892,0.4123,299928,99976,1,4883,24
98,1.2812,0.0216,1.0627,0.0096,11.5253,0.6714,4.4472,5.8050,0.4169,299928,99976,1,4883,24
99,1.2924,0.2090,0.8490,0.0136,11.3289,0.6239,4.2172,5.9265,0.3803,299928,99976,1,4883,24
100,1.0995,0.1011,0.7691,0.0123,11.1538,0.6462,4.2794,5.6589,0.3802,299928,99976,1,4883,24
101,1.0506,0.0314,0.7864,0.0120,11.4027,0.6885,4.3091,5.8271,0.4288,299928,99976,1,4883,24
102,1.6951,0.0508,1.3589,0.0114,11.3226,0.6085,4.3335,5.8245,0.3928,299928,99976,1,4883,24
103,1.1712,0.0321,0.9065,0.0135,11.3519,0.6108,4.4127,5.8019,0.3839,299928,99976,1,4883,24
104,0.9960,0.0476,0.7262,0.0112,11.2804,0.5325,4.4370,5.8416,0.3658,299928,99976,1,4883,24
105,1.4207,0.0406,1.1793,0.0316,10.8943,0.7171,4.0428,5.5132,0.4891,299928,99976,1,4883,24
106,0.8823,0.0239,0.6612,0.0107,11.3957,0.7250,4.2148,5.8208,0.4835,299928,99976,1,4883,24
107,3.4760,0.0541,2.9714,0.0247,11.3147,0.6594,4.4352,5.6335,0.4327,299928,99976,1,4883,24
108,2.9592,0.0511,2.4580,0.0225,10.9297,0.5519,4.2880,5.5867,0.3787,299928,99976,1,4883,24
109,1.3740,0.0182,1.1972,0.0088,11.1457,0.6656,4.2603,5.6023,0.4646,299928,99976,1,4883,24
110,1.9226,0.0370,1.4972,0.0218,11.1938,0.6132,4.3702,5.6268,0.4319,299928,99976,1,4883,24
111,4.6008,0.0663,4.0485,0.0388,10.9268,0.5998,4.0623,5.5924,0.5226,299928,99976,1,4883,24
112,1.4674,0.0192,1.2754,0.0082,11.1724,0.5909,4.2558,5.7400,0.4393,299928,99976,1,4883,24
113,2.3797,0.0443,1.9423,0.0369,11.0577,0.5865,4.1751,5.7740,0.3996,299928,99976,1,4883,24
114,1.4614,0.0329,1.2100,0.0115,10.8681,0.5544,4.1806,5.5943,0.4183,299928,99976,1,4883,24
115,1.4097,0.0184,1.2212,0.0096,10.9507,0.6099,4.1511,5.6521,0.4019,299928,99976,1,4883,24
116,1.4210,0.0210,1.2264,0.0092,11.1426,0.6106,4.3264,5.6838,0.3999,299928,99976,1,4883,24
117,1.1311,0.0208,0.9325,0.0109,11.3046,0.7459,4.2205,5.7893,0.3921,299928,99976,1,4883,24
118,0.8741,0.0234,0.6608,0.0102,11.5079,0.7814,4.1681,5.8734,0.4666,299928,99976,1,4883,24
119,0.9225,0.0280,0.6915,0.0109,11.1779,0.6353,4.3329,5.6740,0.3958,299928,99976,1,4883,24
120,0.8453,0.0189,0.6603,0.0093,11.1933,0.7146,4.2786,5.6577,0.3788,299928,99976,1,4883,24
121,0.7813,0.0186,0.5986,0.0084,11.1221,0.6460,4.1897,5.6734,0.4452,299928,99976,1,4883,24
122,0.7475,0.0180,0.5646,0.0086,11.1318,0.6242,4.2716,5.6771,0.4039,299928,99976,1,4883,24
123,2.2310,1.0903,0.9513,0.0107,11.0714,0.7205,4.1531,5.6285,0.3965,299928,99976,1,4883,24
124,1.7433,0.1629,1.3358,0.0115,11.0634,0.5536,4.1445,5.7143,0.5292,299928,99976,1,4883,24
125,2.7774,1.8543,0.7341,0.0102,10.9243,0.5744,4.2137,5.6625,0.3474,299928,99976,1,4883,24
126,0.9917,0.2419,0.5763,0.0087,10.8142,0.5301,4.1640,5.6160,0.4003,299928,99976,1,4883,24
127,1.3878,0.1712,1.0329,0.0199,11.2839,0.7824,4.2073,5.7312,0.4077,299928,99976,1,4883,24
128,2.1995,1.0316,0.8219,0.0182,11.5911,0.6734,4.4723,5.7362,0.5436,299928,99976,1,4883,24
129,1.2045,0.1839,0.8370,0.0099,11.4502,0.6588,4.5089,5.6719,0.4626,299928,99976,1,4883,24
130,1.0252,0.1479,0.6949,0.0109,11.9278,0.6125,4.4110,5.8143,0.8634,299928,99976,1,4883,24
131,1.7112,0.0917,1.4188,0.0113,12.0327,0.6664,4.4481,5.9407,0.7749,299928,99976,1,4883,24
132,1.2629,0.0788,1.0115,0.0092,11.9831,0.7075,4.2140,6.3167,0.5606,299928,99976,1,4883,24
133,1.3802,0.1099,1.0958,0.0097,11.8348,0.7474,4.3923,6.0621,0.4385,299928,99976,1,4883,24
134,1.2259,0.1588,0.7490,0.0112,11.7350,0.7441,4.4776,5.9749,0.4025,299928,99976,1,4883,24
135,0.8567,0.0766,0.6156,0.0094,11.3751,0.6242,4.4554,5.7646,0.3860,299928,99976,1,4883,24
136,2.4128,1.5709,0.6529,0.0095,11.6870,0.6982,4.6584,5.7867,0.4073,299928,99976,1,4883,24
137,0.9180,0.0795,0.6581,0.0093,11.1915,0.6667,4.2075,5.7867,0.3928,299928,99976,1,4883,24
138,0.9092,0.0722,0.6527,0.0196,11.2000,0.6917,4.2293,5.7347,0.4004,299928,99976,1,4883,24
139,1.2806,0.0737,1.0211,0.0103,11.3172,0.6715,4.2770,5.8281,0.3865,299928,99976,1,4883,24
140,1.4831,0.0615,1.2540,0.0095,11.5311,0.7238,4.3168,5.9135,0.4053,299928,99976,1,4883,24
141,0.8733,0.0626,0.6502,0.0091,11.2817,0.6013,4.2053,5.9123,0.4458,299928,99976,1,4883,24
142,1.1485,0.0634,0.9120,0.0215,11.4459,0.6087,4.5338,5.7458,0.4227,299928,99976,1,4883,24
143,0.9264,0.0842,0.6521,0.0106,10.9474,0.5925,4.1218,5.7270,0.3983,299928,99976,1,4883,24
144,0.8919,0.0210,0.7101,0.0089,11.6322,0.8063,4.2841,5.9681,0.4033,299928,99976,1,4883,24
145,0.7768,0.0188,0.5954,0.0087,11.3438,0.5640,4.5202,5.7415,0.4018,299928,99976,1,4883,24
146,0.7855,0.0181,0.6065,0.0091,11.4209,0.6992,4.2365,5.8660,0.4487,299928,99976,1,4883,24
147,1.4866,0.0193,1.2979,0.0207,11.5554,0.6165,4.5071,5.8838,0.3875,299928,99976,1,4883,24
148,1.6035,0.0172,1.4243,0.0080,11.5320,0.6134,4.4787,5.8645,0.4566,299928,99976,1,4883,24
149,0.9712,0.0229,0.7571,0.0101,11.1892,0.6427,4.2053,5.7589,0.4447,299928,99976,1,4883,24
150,0.7801,0.0191,0.6029,0.0083,11.3084,0.6442,4.2114,5.8685,0.4712,299928,99976,1,4883,24
151,2.0597,0.0197,1.8765,0.0087,11.3449,0.6007,4.2918,5.8363,0.4818,299928,99976,1,4883,24
152,3.1762,0.0354,2.7805,0.0245,11.4301,0.5745,4.4665,5.7636,0.5045,299928,99976,1,4883,24
153,1.8313,0.0352,1.4271,0.0200,11.3252,0.6028,4.3651,5.7824,0.4483,299928,99976,1,4883,24
154,4.1025,0.0655,3.5275,0.0271,11.4112,0.6811,4.3700,5.7967,0.4251,299928,99976,1,4883,24
155,1.3077,0.0403,0.8548,0.0089,11.1844,0.5891,4.2357,5.7985,0.4314,299928,99976,1,4883,24
156,3.1002,0.0348,2.7412,0.0202,11.3118,0.5689,4.3445,5.8125,0.4730,299928,99976,1,4883,24
157,1.2694,0.0390,1.0339,0.0108,11.4358,0.5708,4.2814,6.0524,0.4130,299928,99976,1,4883,24
158,2.1233,0.0464,1.6530,0.0234,11.4336,0.7255,4.2772,5.8516,0.4241,299928,99976,1,4883,24
159,2.5858,0.0414,2.1697,0.0199,11.7034,0.7129,4.5647,5.8974,0.4006,299928,99976,1,4883,24
160,3.0291,0.0592,2.4610,0.0264,11.7432,0.6541,4.4326,6.0887,0.4225,299928,99976,1,4883,24
161,1.1959,0.0198,1.0022,0.0085,11.3093,0.6796,4.1939,5.8535,0.4068,299928,99976,1,4883,24
162,0.9411,0.1169,0.6381,0.0095,11.0167,0.6025,4.1258,5.7399,0.3972,299928,99976,1,4883,24
163,1.0940,0.0192,0.9080,0.0086,11.2671,0.6702,4.2558,5.7826,0.3859,299928,99976,1,4883,24
164,1.4336,0.0196,1.2479,0.0087,11.0096,0.5847,4.1659,5.7374,0.3684,299928,99976,1,4883,24
165,0.9186,0.0253,0.6953,0.0108,11.2882,0.6483,4.1481,5.9071,0.4301,299928,99976,1,4883,24
166,1.7766,0.0338,1.3966,0.0196,11.3258,0.6359,4.1806,5.8969,0.4324,299928,99976,1,4883,24
167,1.7453,0.0241,1.5252,0.0103,11.2948,0.6343,4.2732,5.8502,0.3888,299928,99976,1,4883,24
168,0.8090,0.0181,0.6259,0.0088,10.8498,0.5845,4.0580,5.6299,0.4673,299928,99976,1,4883,24
169,0.7456,0.0174,0.5731,0.0097,11.2250,0.6028,4.3380,5.7166,0.4285,299928,99976,1,4883,24
170,0.7710,0.0178,0.5920,0.0092,11.3298,0.6210,4.2498,5.9116,0.4095,299928,99976,1,4883,24
171,0.9157,0.0538,0.6865,0.0093,11.2077,0.6772,4.2049,5.7422,0.4244,299928,99976,1,4883,24
172,0.9198,0.0925,0.6423,0.0094,11.5187,0.6019,4.4867,5.8090,0.4822,299928,99976,1,4883,24
173,1.1498,0.1383,0.8250,0.0098,11.4139,0.5878,4.2561,5.9993,0.4566,299928,99976,1,4883,24
174,1.8372,0.6756,0.8234,0.0099,11.2170,0.5558,4.2524,5.8748,0.4085,299928,99976,1,4883,24
175,1.5948,0.0842,1.3053,0.0118,11.7993,0.7711,4.6059,5.8943,0.4087,299928,99976,1,4883,24
176,0.9950,0.1381,0.6600,0.0103,11.3626,0.6372,4.2616,5.9454,0.3921,299928,99976,1,4883,24
177,1.2982,0.0683,1.0514,0.0113,11.4235,0.7011,4.4095,5.7795,0.3857,299928,99976,1,4883,24
178,1.2393,0.0625,1.0191,0.0078,11.7341,0.6708,4.5221,5.7564,0.6025,299928,99976,1,4883,24
179,0.8945,0.1395,0.5895,0.0086,11.1970,0.6261,4.1622,5.8170,0.4329,299928,99976,1,4883,24
180,1.1570,0.0873,0.8758,0.0101,11.2158,0.6576,4.1957,5.8006,0.4008,299928,99976,1,4883,24
181,1.5910,0.0877,1.3031,0.0116,11.1587,0.5693,4.3132,5.6663,0.4714,299928,99976,1,4883,24
182,0.8240,0.0807,0.5793,0.0090,11.2384,0.5685,4.2680,5.9373,0.3397,299928,99976,1,4883,24
183,1.3469,0.0973,1.0908,0.0192,11.2122,0.6379,4.3114,5.7093,0.4284,299928,99976,1,4883,24
184,1.2195,0.0626,0.9249,0.0091,11.8375,0.7899,4.5917,5.9016,0.4011,299928,99976,1,4883,24
185,0.9769,0.0681,0.7307,0.0094,11.4537,0.7385,4.2251,5.8795,0.4550,299928,99976,1,4883,24
186,1.4566,0.2368,1.0342,0.0106,11.1940,0.6246,4.2360,5.7492,0.4451,299928,99976,1,4883,24
187,1.0533,0.0208,0.8211,0.0089,11.2638,0.5527,4.4535,5.7182,0.4251,299928,99976,1,4883,24
188,1.4399,0.0718,1.2118,0.0087,11.0828,0.6238,4.2082,5.7235,0.4163,299928,99976,1,4883,24
189,0.7950,0.0201,0.6039,0.0090,11.0681,0.5464,4.2439,5.7291,0.4292,299928,99976,1,4883,24
190,1.6169,0.0214,1.4123,0.0103,11.1203,0.5756,4.1896,5.7956,0.4267,299928,99976,1,4883,24
191,0.7672,0.0183,0.5897,0.0082,11.0526,0.5542,4.1874,5.7765,0.4185,299928,99976,1,4883,24
192,1.5401,0.0356,1.1649,0.0096,11.2715,0.5692,4.2639,5.9094,0.4134,299928,99976,1,4883,24
193,1.3507,0.1098,1.0558,0.0192,11.1659,0.6282,4.2234,5.7826,0.3858,299928,99976,1,4883,24
194,2.0281,0.0235,1.8340,0.0101,11.2912,0.6275,4.3797,5.7513,0.3939,299928,99976,1,4883,24
195,0.7139,0.0186,0.5404,0.0096,11.3293,0.6330,4.4197,5.7583,0.3791,299928,99976,1,4883,24
196,1.1708,0.1022,0.8936,0.0091,11.4263,0.6514,4.2688,5.9144,0.4486,299928,99976,1,4883,24
197,0.7653,0.0183,0.5820,0.0088,11.0530,0.6733,4.1673,5.6707,0.3944,299928,99976,1,4883,24
198,1.8917,0.0957,1.5869,0.0127,11.4636,0.7052,4.2912,5.8776,0.4228,299928,99976,1,4883,24
199,0.8727,0.0876,0.6171,0.0206,11.3978,0.6876,4.2865,5.8901,0.3787,299928,99976,1,4883,24
200,0.8686,0.0211,0.6682,0.0095,11.0704,0.5410,4.1781,5.7814,0.4491,299928,99976,1,4883,24
201,0.9251,0.0929,0.6498,0.0099,11.2561,0.5961,4.1643,5.9267,0.4334,299928,99976,1,4883,24
202,1.3430,0.2325,0.9447,0.0215,11.1149,0.5335,4.2629,5.7872,0.4218,299928,99976,1,4883,24
203,0.9984,0.0697,0.7661,0.0088,11.2617,0.5802,4.3208,5.7794,0.4305,299928,99976,1,4883,24
204,1.5757,0.2998,0.9278,0.0187,11.2671,0.6716,4.1409,5.7853,0.5055,299928,99976,1,4883,24
205,0.9267,0.0884,0.6495,0.0101,11.3849,0.5773,4.4129,5.8138,0.4455,299928,99976,1,4883,24
206,0.9652,0.1056,0.6889,0.0094,11.4588,0.6309,4.4522,5.7724,0.4572,299928,99976,1,4883,24
207,1.3226,0.0600,1.1056,0.0099,11.4269,0.6141,4.2116,5.9526,0.4993,299928,99976,1,4883,24
208,1.1008,0.1110,0.7883,0.0118,11.1749,0.5513,4.2535,5.7709,0.4799,299928,99976,1,4883,24
209,0.9665,0.0862,0.6826,0.0115,11.1200,0.5812,4.1524,5.8272,0.4350,299928,99976,1,4883,24
210,0.8952,0.0943,0.6357,0.0214,11.5245,0.6074,4.4537,5.8801,0.4565,299928,99976,1,4883,24
211,1.3992,0.0759,1.1485,0.0099,11.2712,0.5950,4.3185,5.8507,0.3928,299928,99976,1,4883,24
212,1.0032,0.0895,0.7385,0.0102,11.6060,0.6772,4.5087,5.8757,0.4005,299928,99976,1,4883,24
213,0.8632,0.0795,0.6081,0.0094,11.1581,0.6341,4.2406,5.7824,0.3759,299928,99976,1,4883,24
214,1.1046,0.1995,0.7359,0.0098,11.7708,0.8372,4.5506,5.8402,0.3771,299928,99976,1,4883,24
215,2.7663,0.0782,2.4340,0.0091,11.4946,0.6212,4.4528,5.8589,0.4195,299928,99976,1,4883,24
216,0.8962,0.0965,0.6154,0.0104,11.3828,0.6929,4.2873,5.8222,0.4142,299928,99976,1,4883,24
217,0.9775,0.1050,0.6847,0.0205,11.4001,0.6890,4.3154,5.8214,0.4036,299928,99976,1,4883,24
218,1.0274,0.0183,0.8450,0.0088,11.4323,0.6259,4.1872,5.9582,0.4850,299928,99976,1,4883,24
219,1.0288,0.0275,0.7881,0.0108,11.3441,0.6388,4.1991,5.7807,0.5613,299928,99976,1,4883,24
220,1.5253,0.1903,1.1223,0.0119,11.5257,0.6656,4.2176,5.9779,0.4632,299928,99976,1,4883,24
221,1.3147,0.1493,0.7891,0.0111,11.1873,0.6182,4.2272,5.7378,0.4516,299928,99976,1,4883,24
222,1.0289,0.0283,0.7767,0.0119,11.1262,0.6716,4.1892,5.6686,0.4308,299928,99976,1,4883,24
223,1.0008,0.0292,0.7484,0.0121,10.9518,0.6062,4.1424,5.6626,0.4236,299928,99976,1,4883,24
224,0.9353,0.0263,0.7163,0.0117,11.1288,0.6855,4.2134,5.6849,0.3968,299928,99976,1,4883,24
225,1.6929,0.0235,1.4952,0.0102,11.4391,0.7285,4.2901,5.8402,0.4216,299928,99976,1,4883,24
226,1.1175,0.0146,0.9559,0.0088,11.6177,0.8117,4.2647,5.8638,0.5221,299928,99976,1,4883,24
227,1.4645,0.0236,1.2582,0.0095,11.7617,0.7107,4.5615,5.8877,0.4267,299928,99976,1,4883,24
228,1.5338,0.0222,1.2738,0.0105,11.6402,0.7563,4.2847,5.9374,0.5094,299928,99976,1,4883,24
229,1.0914,0.0318,0.7746,0.0118,10.9407,0.5760,4.1305,5.7063,0.4173,299928,99976,1,4883,24
230,1.1052,0.0304,0.8447,0.0157,11.4150,0.5856,4.4666,5.8068,0.4274,299928,99976,1,4883,24
231,1.0188,0.0295,0.7581,0.0130,11.0732,0.5710,4.3359,5.7007,0.3537,299928,99976,1,4883,24
232,0.9204,0.0290,0.6765,0.0114,11.5622,0.7186,4.3526,5.8257,0.4973,299928,99976,1,4883,24
233,1.4066,0.0320,1.1094,0.0334,11.3005,0.6164,4.2228,5.8974,0.3952,299928,99976,1,4883,24
234,1.0164,0.0312,0.7625,0.0120,11.0883,0.6442,4.2231,5.7083,0.3862,299928,99976,1,4883,24
235,2.1569,0.0803,1.6691,0.0125,11.4486,0.6389,4.4260,5.8528,0.3847,299928,99976,1,4883,24
236,1.2595,0.0279,0.9901,0.0127,11.2582,0.7013,4.2347,5.7573,0.3956,299928,99976,1,4883,24
237,3.2114,0.0440,2.7864,0.0242,11.1759,0.6002,4.2059,5.7616,0.4592,299928,99976,1,4883,24
238,0.8894,0.0254,0.6744,0.0098,11.2044,0.5887,4.2838,5.7916,0.3983,299928,99976,1,4883,24
239,1.5260,0.0208,1.3323,0.0112,11.0252,0.6392,4.1636,5.6797,0.3923,299928,99976,1,4883,24
240,1.5537,0.0189,1.3777,0.0085,11.2814,0.7242,4.1897,5.7935,0.4292,299928,99976,1,4883,24
241,0.7548,0.0168,0.5845,0.0184,11.2132,0.6358,4.2006,5.8065,0.4075,299928,99976,1,4883,24
242,1.2049,0.0202,1.0145,0.0087,11.2444,0.6045,4.2419,5.8166,0.4163,299928,99976,1,4883,24
243,0.9131,0.0502,0.6637,0.0113,11.2565,0.5932,4.3084,5.8564,0.3554,299928,99976,1,4883,24
244,3.9678,0.0423,3.4775,0.0269,10.9796,0.5874,4.1171,5.7827,0.3887,299928,99976,1,4883,24
245,1.8117,0.0174,1.5812,0.0088,11.4223,0.5957,4.4951,5.7659,0.4040,299928,99976,1,4883,24
246,1.5776,0.0170,1.4091,0.0088,11.6879,0.6766,4.4840,5.9050,0.4474,299928,99976,1,4883,24
247,0.8160,0.0429,0.6027,0.0088,11.3294,0.5958,4.1464,5.9606,0.4766,299928,99976,1,4883,24
248,1.7584,0.0541,1.4416,0.0101,11.4632,0.7082,4.3152,5.7906,0.4887,299928,99976,1,4883,24
249,1.6496,0.0171,1.4819,0.0089,11.2550,0.6224,4.2070,5.8106,0.4514,299928,99976,1,4883,24
250,1.5065,0.0194,1.3120,0.0091,11.2824,0.6301,4.2287,5.8495,0.4418,299928,99976,1,4883,24
251,2.1396,0.0293,1.7992,0.0170,11.2936,0.5868,4.3907,5.7834,0.3975,299928,99976,1,4883,24
252,261.2766,0.5209,1.0889,0.0121,11.7072,0.6019,4.6324,5.8927,0.4271,299928,99976,1,4883,24
253,45.3421,0.3680,0.6611,0.0083,11.5602,0.7970,4.2140,5.9660,0.4267,299928,99976,1,4883,24
254,20.1647,0.0218,0.5736,0.0077,11.5080,0.7023,4.4280,5.8268,0.3996,299928,99976,1,4883,24
255,19.4012,0.0187,1.1107,0.0093,11.2720,0.7205,4.2479,5.7834,0.3798,299928,99976,1,4883,24
256,19.4130,0.0235,0.9761,0.0093,11.2585,0.6017,4.2583,5.8503,0.3913,299928,99976,1,4883,24
257,19.1638,0.0471,0.6675,0.0091,11.2939,0.7876,4.2525,5.7179,0.3805,299928,99976,1,4883,24
258,18.8976,0.0223,0.6000,0.0081,11.3063,0.7356,4.3003,5.7450,0.3675,299928,99976,1,4883,24
259,19.3934,0.0214,1.0817,0.0104,11.6120,0.6925,4.4615,5.7720,0.4505,299928,99976,1,4883,24
260,19.6281,0.0328,1.0603,0.0094,11.1837,0.6166,4.2783,5.7528,0.3882,299928,99976,1,4883,24
261,19.1729,0.0222,0.8650,0.0093,11.3841,0.6689,4.2623,5.8949,0.4020,299928,99976,1,4883,24
262,18.8262,0.0224,0.6768,0.0087,11.3871,0.6520,4.3885,5.7619,0.4240,299928,99976,1,4883,24
263,19.2918,0.0228,0.6223,0.0086,11.1912,0.6403,4.1846,5.8053,0.4048,299928,99976,1,4883,24
264,14.4402,0.0223,0.6054,0.0084,11.4772,0.5859,4.4946,5.8675,0.4132,299928,99976,1,4883,24
265,12.2004,0.0281,0.7086,0.0099,11.6531,0.7258,4.5261,5.8126,0.4332,299928,99976,1,4883,24
266,12.5421,0.0244,0.9595,0.0107,11.4688,0.7698,4.2734,5.8639,0.4153,299928,99976,1,4883,24
267,12.1596,0.0323,0.6643,0.0088,11.1612,0.6598,4.1632,5.7200,0.4529,299928,99976,1,4883,24
268,12.3682,0.0255,0.6416,0.0083,11.1058,0.7071,4.1167,5.6472,0.4856,299928,99976,1,4883,24
269,12.3237,0.0293,0.6552,0.0084,11.1292,0.6037,4.1965,5.7609,0.4393,299928,99976,1,4883,24
270,12.2976,0.0291,0.7005,0.0091,11.3262,0.5812,4.3361,5.8760,0.4155,299928,99976,1,4883,24
271,12.4634,0.0387,0.6732,0.0083,12.0140,0.6234,4.4255,6.2661,0.5275,299928,99976,1,4883,24
272,12.6999,0.0332,1.0053,0.0099,11.4390,0.6076,4.4244,5.8182,0.4584,299928,99976,1,4883,24
273,12.4241,0.0338,0.6744,0.0078,11.5526,0.5787,4.4729,5.8814,0.4866,299928,99976,1,4883,24
274,13.0170,0.0320,0.6359,0.0083,11.4396,0.7242,4.3099,5.8081,0.4340,299928,99976,1,4883,24
275,12.1196,0.0244,0.6518,0.0080,11.3885,0.5533,4.5170,5.7803,0.4075,299928,99976,1,4883,24
276,12.3384,0.0335,0.6463,0.0097,11.5578,0.6487,4.6127,5.7616,0.4090,299928,99976,1,4883,24
277,12.4189,0.0280,0.6795,0.0093,11.4464,0.6297,4.4007,5.8529,0.3983,299928,99976,1,4883,24
278,12.5364,0.0318,0.6615,0.0095,11.5635,0.7073,4.3736,5.9486,0.4092,299928,99976,1,4883,24
279,15.9530,0.0305,0.7459,0.0092,11.2790,0.6793,4.2270,5.8006,0.4085,299928,99976,1,4883,24
280,17.6591,0.0204,0.6561,0.0085,11.1380,0.6698,4.1869,5.7273,0.3789,299928,99976,1,4883,24
281,16.8802,0.0209,0.7367,0.0097,11.5880,0.6207,4.6278,5.7788,0.4050,299928,99976,1,4883,24
282,16.7345,0.0264,0.7714,0.0090,11.5790,0.6068,4.4752,5.8400,0.4820,299928,99976,1,4883,24
283,17.3576,0.0298,0.8818,0.0095,11.1320,0.6615,4.1299,5.7140,0.4681,299928,99976,1,4883,24
284,16.8057,0.0441,0.8686,0.0100,11.6450,0.8982,4.3544,5.7990,0.4236,299928,99976,1,4883,24
285,19.1006,0.0203,1.1646,0.0209,10.9602,0.5707,4.2172,5.6762,0.3878,299928,99976,1,4883,24
286,18.9596,0.0257,0.7038,0.0106,11.3585,0.6906,4.2428,5.8393,0.4206,299928,99976,1,4883,24
287,17.2533,0.0226,0.7593,0.0107,11.5731,0.6451,4.3893,5.9835,0.4129,299928,99976,1,4883,24
288,16.5259,0.0411,0.6956,0.0087,10.9725,0.6041,4.1819,5.7334,0.3434,299928,99976,1,4883,24
289,17.7686,0.0334,0.9637,0.0119,11.3527,0.6999,4.3493,5.7288,0.4132,299928,99976,1,4883,24
290,17.7464,0.0283,0.9033,0.0088,11.4352,0.6924,4.4372,5.7231,0.4658,299928,99976,1,4883,24
291,12.5782,0.0209,0.6593,0.0187,12.3152,0.9463,4.6148,5.9522,0.6250,299928,99976,1,4883,24
292,12.8534,0.0282,0.9299,0.0081,11.2519,0.6531,4.2274,5.7998,0.4101,299928,99976,1,4883,24
293,12.7188,0.0334,0.6352,0.0085,11.1755,0.6061,4.1400,5.8477,0.4432,299928,99976,1,4883,24
294,12.5691,0.0358,0.6126,0.0083,11.3867,0.5667,4.3839,5.9029,0.4145,299928,99976,1,4883,24
295,12.3651,0.0227,0.6302,0.0083,11.7144,0.6615,4.6597,5.8399,0.3984,299928,99976,1,4883,24
296,12.7672,0.0426,0.8404,0.0111,11.2723,0.6253,4.2915,5.8325,0.3911,299928,99976,1,4883,24
297,13.3433,0.0309,0.6420,0.0084,11.2598,0.5606,4.2767,5.8840,0.4109,299928,99976,1,4883,24
298,12.9912,0.0382,0.7622,0.0088,11.0614,0.6972,4.1867,5.6366,0.3870,299928,99976,1,4883,24
299,13.1833,0.0469,0.9527,0.0101,11.2692,0.6594,4.1980,5.8266,0.3985,299928,99976,1,4883,24
300,12.0400,0.0232,0.7170,0.0082,11.4669,0.6493,4.3321,5.8716,0.4427,299928,99976,1,4883,24
301,12.4687,0.0273,0.6394,0.0081,11.4780,0.6075,4.4743,5.8017,0.4224,299928,99976,1,4883,24
302,12.4345,0.0280,0.9269,0.0115,11.2699,0.6523,4.3161,5.7079,0.4408,299928,99976,1,4883,24
303,12.8323,0.0296,0.6375,0.0081,11.1898,0.5443,4.3121,5.7875,0.4349,299928,99976,1,4883,24
304,12.7941,0.0237,0.6306,0.0084,11.4158,0.5967,4.4090,5.8311,0.4440,299928,99976,1,4883,24
305,12.7104,0.0265,0.6700,0.0083,11.6697,0.5752,4.0714,5.7525,1.0615,299928,99976,1,4883,24
306,12.5282,0.0245,0.6897,0.0090,11.6950,0.6209,4.4034,6.0062,0.4968,299928,99976,1,4883,24
307,12.2048,0.0245,0.6655,0.0083,11.8583,0.8724,4.4780,5.8663,0.4563,299928,99976,1,4883,24
308,12.4484,0.0404,0.7716,0.0099,12.0862,0.9475,4.2891,6.1946,0.4156,299928,99976,1,4883,24
309,12.0988,0.0275,0.6426,0.0082,10.9905,0.5405,4.2038,5.7197,0.4158,299928,99976,1,4883,24
310,11.9483,0.0254,0.6018,0.0078,11.3400,0.6177,4.2664,5.9232,0.3870,299928,99976,1,4883,24
311,12.2100,0.0362,0.7847,0.0084,11.3037,0.5373,4.3698,5.8344,0.4483,299928,99976,1,4883,24
312,12.3414,0.0345,0.6457,0.0087,11.3668,0.6414,4.4132,5.7615,0.4177,299928,99976,1,4883,24
313,12.0748,0.0345,0.6809,0.0091,11.5013,0.6143,4.2895,6.0022,0.4676,299928,99976,1,4883,24
314,12.4770,0.0342,0.9576,0.0088,11.4992,0.6024,4.5665,5.7824,0.4148,299928,99976,1,4883,24
315,11.9504,0.0234,0.6614,0.0077,11.0514,0.5887,4.2060,5.7043,0.4180,299928,99976,1,4883,24
316,11.9311,0.0284,0.6172,0.0083,11.5236,0.6420,4.5335,5.7774,0.4173,299928,99976,1,4883,24
317,12.1730,0.0321,0.6458,0.0079,11.7439,0.6391,4.6049,5.9470,0.4094,299928,99976,1,4883,24
318,12.4995,0.0338,0.6877,0.0087,11.4587,0.6565,4.4650,5.7950,0.4056,299928,99976,1,4883,24
319,12.2187,0.0233,0.6874,0.0096,11.2063,0.6070,4.2685,5.7210,0.4321,299928,99976,1,4883,24
320,12.7537,0.0299,0.8682,0.0091,11.1417,0.5917,4.2315,5.8038,0.3897,299928,99976,1,4883,24
321,12.1847,0.0269,0.6587,0.0096,11.5402,0.8394,4.3347,5.8108,0.4182,299928,99976,1,4883,24
322,12.7511,0.0265,0.7205,0.0085,11.0802,0.6430,4.1475,5.7517,0.3909,299928,99976,1,4883,24
323,12.5926,0.0311,0.8198,0.0090,11.4906,0.6221,4.5601,5.7795,0.3789,299928,99976,1,4883,24
324,13.0876,0.0242,0.8596,0.0192,11.6791,0.6258,4.4667,5.8791,0.5126,299928,99976,1,4883,24
325,12.9365,0.0252,0.6885,0.0091,11.3991,0.6530,4.4372,5.7547,0.3925,299928,99976,1,4883,24
326,12.4547,0.0301,0.6989,0.0090,11.4834,0.6474,4.4643,5.7972,0.4154,299928,99976,1,4883,24
327,12.3751,0.0288,0.7056,0.0090,11.0969,0.6436,4.1998,5.6989,0.3885,299928,99976,1,4883,24
328,12.3343,0.0273,0.7222,0.0097,11.1075,0.5895,4.1225,5.7929,0.4791,299928,99976,1,4883,24
329,12.1569,0.0267,0.6230,0.0078,11.0999,0.6018,4.2449,5.7954,0.3375,299928,99976,1,4883,24
330,12.1067,0.0398,0.6332,0.0085,11.8196,0.5890,4.6074,5.9567,0.5456,299928,99976,1,4883,24
331,11.9998,0.0262,0.6351,0.0077,11.2904,0.6071,4.3879,5.6996,0.4353,299928,99976,1,4883,24
332,12.0557,0.0314,0.5885,0.0077,11.3717,0.6801,4.3242,5.7526,0.4518,299928,99976,1,4883,24
333,12.7670,0.0327,1.1366,0.0109,11.3053,0.6071,4.2620,5.8621,0.4591,299928,99976,1,4883,24
334,12.0869,0.0511,0.6551,0.0085,11.1235,0.6078,4.2402,5.6880,0.4336,299928,99976,1,4883,24
335,12.3836,0.0337,0.6474,0.0084,11.1886,0.5962,4.2270,5.8181,0.4075,299928,99976,1,4883,24
336,12.3740,0.0347,0.6259,0.0083,11.4420,0.5873,4.1860,6.1087,0.4258,299928,99976,1,4883,24
337,12.7267,0.0362,0.9776,0.0081,11.6523,0.6542,4.5390,5.9021,0.3896,299928,99976,1,4883,24
338,12.1094,0.0280,0.6310,0.0073,11.6146,0.7352,4.4101,5.8855,0.3942,299928,99976,1,4883,24
339,13.0381,0.0320,0.8115,0.0125,11.8265,0.6463,4.5940,5.9211,0.5004,299928,99976,1,4883,24
340,12.6591,0.0314,0.6461,0.0091,11.1945,0.6760,4.1801,5.7734,0.4073,299928,99976,1,4883,24
341,12.7933,0.0266,0.6687,0.0089,11.4556,0.6956,4.3769,5.8556,0.3749,299928,99976,1,4883,24
342,13.2153,0.0308,0.6791,0.0095,11.4212,0.6843,4.5183,5.7083,0.3953,299928,99976,1,4883,24
343,13.0695,0.0292,0.7707,0.0117,11.5802,0.6546,4.4137,5.8585,0.4932,299928,99976,1,4883,24
344,12.9435,0.0280,0.6381,0.0088,11.4269,0.7027,4.4326,5.7318,0.4035,299928,99976,1,4883,24
345,13.2689,0.0266,0.8349,0.0100,11.5608,0.6407,4.5121,5.8616,0.4336,299928,99976,1,4883,24
346,12.6656,0.0257,0.6632,0.0081,11.2045,0.6304,4.2177,5.7863,0.4090,299928,99976,1,4883,24
347,12.7121,0.0430,0.6382,0.0080,11.5194,0.6891,4.3747,5.7887,0.4935,299928,99976,1,4883,24
348,12.3842,0.0520,0.6280,0.0077,11.2438,0.7630,4.1656,5.6312,0.4986,299928,99976,1,4883,24
349,12.3814,0.0293,0.7396,0.0117,11.5499,0.6854,4.2888,5.9355,0.4902,299928,99976,1,4883,24
350,12.8879,0.0379,1.1182,0.0124,11.2870,0.5922,4.2610,5.8280,0.4471,299928,99976,1,4883,24
351,12.4499,0.0391,0.9025,0.0118,11.4252,0.6322,4.4067,5.7894,0.4400,299928,99976,1,4883,24
352,12.0853,0.0353,0.6913,0.0086,11.8252,0.7779,4.4718,5.9711,0.4384,299928,99976,1,4883,24
353,12.2706,0.0306,0.6382,0.0084,11.3597,0.6417,4.2607,5.9185,0.4121,299928,99976,1,4883,24
354,12.2146,0.0367,0.6497,0.0080,12.0218,0.9014,4.4973,6.0814,0.4148,299928,99976,1,4883,24
355,12.1748,0.0299,0.6157,0.0078,11.2919,0.7361,4.2432,5.7710,0.4117,299928,99976,1,4883,24
356,12.0490,0.0219,0.5860,0.0067,11.4584,0.6167,4.3728,5.9013,0.4018,299928,99976,1,4883,24
357,12.0882,0.0249,0.9660,0.0101,11.2426,0.6358,4.2548,5.7349,0.4533,299928,99976,1,4883,24
358,12.4372,0.0292,0.8202,0.0109,11.1255,0.6371,4.1529,5.7632,0.4061,299928,99976,1,4883,24
359,12.1839,0.0305,0.6568,0.0088,11.5459,0.5794,4.4270,6.0181,0.4128,299928,99976,1,4883,24
360,11.7563,0.0245,0.6310,0.0077,11.5126,0.5754,4.4253,5.8767,0.5009,299928,99976,1,4883,24
361,12.1079,0.0307,0.7340,0.0101,11.6010,0.6184,4.4312,5.8925,0.4908,299928,99976,1,4883,24
362,12.0535,0.0303,0.6388,0.0089,11.4623,0.6896,4.3763,5.8430,0.4008,299928,99976,1,4883,24
363,12.5573,0.0292,1.4086,0.0088,11.5887,0.5679,4.1903,6.1935,0.5269,299928,99976,1,4883,24
364,12.0353,0.0266,0.6442,0.0083,11.3920,0.6566,4.2348,5.9001,0.4506,299928,99976,1,4883,24
365,12.1660,0.0263,0.8998,0.0107,11.3752,0.5642,4.3340,5.9403,0.4201,299928,99976,1,4883,24
366,11.6890,0.0243,0.6167,0.0080,11.5589,0.6033,4.6079,5.8165,0.4026,299928,99976,1,4883,24
367,11.8448,0.0327,0.6764,0.0088,11.3902,0.5869,4.4713,5.7941,0.4113,299928,99976,1,4883,24
368,11.9773,0.0271,0.6345,0.0072,11.3439,0.5849,4.4878,5.8173,0.3411,299928,99976,1,4883,24
369,12.1444,0.0296,0.6310,0.0083,11.5573,0.7622,4.3009,5.8806,0.4231,299928,99976,1,4883,24
370,13.2322,0.0678,1.4501,0.0124,11.4167,0.6725,4.4564,5.7656,0.3973,299928,99976,1,4883,24
371,12.1525,0.0432,0.7077,0.0079,11.3750,0.6128,4.4704,5.7465,0.3954,299928,99976,1,4883,24
372,12.3108,0.0358,0.8856,0.0078,11.3360,0.7144,4.3041,5.7768,0.3884,299928,99976,1,4883,24
373,11.9944,0.0344,0.6417,0.0082,11.5214,0.6299,4.5385,5.8024,0.4006,299928,99976,1,4883,24
374,11.9746,0.0316,0.6243,0.0081,11.7505,0.7787,4.6135,5.7955,0.4004,299928,99976,1,4883,24
375,11.9170,0.0376,0.6238,0.0092,11.5697,0.6866,4.5502,5.7712,0.3876,299928,99976,1,4883,24
376,12.1820,0.0242,0.8795,0.0105,11.4018,0.7281,4.2895,5.7492,0.4368,299928,99976,1,4883,24
377,11.7049,0.0280,0.5841,0.0077,11.4676,0.5861,4.5163,5.7706,0.4284,299928,99976,1,4883,24
378,11.6373,0.0226,0.6263,0.0080,11.3696,0.6076,4.3739,5.7703,0.4717,299928,99976,1,4883,24
379,12.1543,0.0323,0.6514,0.0089,11.3877,0.6185,4.3628,5.8556,0.4178,299928,99976,1,4883,24
380,12.4580,0.0300,0.6449,0.0083,11.3024,0.5530,4.4443,5.7345,0.4466,299928,99976,1,4883,24
381,12.3728,0.0300,0.6886,0.0099,11.0860,0.6346,4.2444,5.6852,0.3866,299928,99976,1,4883,24
382,14.9327,0.0300,2.6454,0.0217,11.7361,0.6781,4.5393,5.8846,0.4999,299928,99976,1,4883,24
383,13.2253,0.0303,0.8876,0.0122,11.4593,0.5784,4.2945,5.9219,0.5050,299928,99976,1,4883,24
384,13.4700,0.0346,1.2571,0.0110,11.2068,0.5891,4.3110,5.7589,0.4151,299928,99976,1,4883,24
385,12.9484,0.0339,0.8848,0.0118,11.4149,0.7818,4.2705,5.8390,0.3708,299928,99976,1,4883,24
386,12.6430,0.0269,0.6951,0.0085,12.1416,0.6385,4.6636,6.1847,0.5282,299928,99976,1,4883,24
387,12.2341,0.0291,0.6513,0.0085,11.4896,0.6426,4.3308,5.9643,0.4272,299928,99976,1,4883,24
388,13.1138,0.0278,1.2153,0.0094,11.2947,0.5750,4.4806,5.6776,0.4203,299928,99976,1,4883,24
389,12.1149,0.0291,0.7110,0.0085,11.6559,0.6516,4.3595,5.9630,0.5510,299928,99976,1,4883,24
390,12.0634,0.0282,0.6510,0.0080,11.4375,0.6662,4.2598,5.9007,0.4197,299928,99976,1,4883,24
391,12.1733,0.0313,0.6265,0.0080,11.5347,0.6662,4.3615,5.9028,0.4354,299928,99976,1,4883,24
392,13.0002,0.0354,1.2231,0.0105,11.3018,0.6295,4.2717,5.8411,0.4059,299928,99976,1,4883,24
393,12.2519,0.0241,0.7547,0.0089,10.9533,0.5846,4.2408,5.6636,0.3374,299928,99976,1,4883,24
394,12.7312,0.0254,1.0771,0.0096,11.7572,0.7505,4.3843,5.9568,0.5104,299928,99976,1,4883,24
395,11.7841,0.0339,0.6246,0.0085,11.1775,0.6623,4.2078,5.7213,0.4083,299928,99976,1,4883,24
396,12.4754,0.0343,0.6184,0.0088,11.3062,0.5859,4.2808,5.8801,0.4194,299928,99976,1,4883,24
397,12.1678,0.0232,0.6189,0.0088,11.5796,0.7000,4.3217,5.9424,0.4286,299928,99976,1,4883,24
398,12.4379,0.0336,0.7882,0.0099,11.2558,0.6439,4.2271,5.7985,0.4153,299928,99976,1,4883,24
399,12.3893,0.0341,0.6210,0.0077,11.2058,0.6155,4.2696,5.7726,0.3940,299928,99976,1,4883,24
400,12.5633,0.0232,0.8095,0.0088,11.3201,0.6213,4.2972,5.8217,0.3980,299928,99976,1,4883,24
401,12.0980,0.0393,0.6864,0.0097,11.4637,0.6859,4.2606,5.8022,0.5420,299928,99976,1,4883,24
402,12.3349,0.0226,0.8172,0.0089,11.3282,0.6780,4.2724,5.7824,0.4244,299928,99976,1,4883,24
403,12.2195,0.0253,0.6600,0.0087,11.1187,0.5912,4.2471,5.7578,0.3899,299928,99976,1,4883,24
404,12.3065,0.0225,0.6644,0.0091,11.2531,0.6713,4.2408,5.6637,0.5101,299928,99976,1,4883,24
405,12.1936,0.0239,0.6647,0.0086,11.2884,0.7181,4.3400,5.6602,0.4213,299928,99976,1,4883,24
406,12.3484,0.0268,0.6764,0.0096,11.5368,0.6781,4.2390,5.9006,0.5548,299928,99976,1,4883,24
407,12.0326,0.0245,0.6385,0.0096,11.4022,0.5604,4.3482,5.8661,0.4600,299928,99976,1,4883,24
408,12.1494,0.0249,0.6295,0.0089,11.1473,0.5873,4.1595,5.8214,0.4356,299928,99976,1,4883,24
409,12.3066,0.0349,0.6565,0.0089,11.2012,0.6128,4.2790,5.7469,0.4297,299928,99976,1,4883,24
410,12.2599,0.0253,0.6199,0.0091,11.4639,0.5912,4.5050,5.8371,0.4022,299928,99976,1,4883,24
411,12.5289,0.0262,0.6213,0.0076,11.5792,0.6262,4.5890,5.8178,0.3941,299928,99976,1,4883,24
412,12.5984,0.0279,0.6451,0.0086,11.1557,0.6079,4.3325,5.6966,0.3971,299928,99976,1,4883,24
413,12.2921,0.0425,0.7514,0.0104,11.3453,0.6025,4.4419,5.7598,0.4108,299928,99976,1,4883,24
414,11.8686,0.0288,0.6403,0.0079,11.6534,0.6767,4.4753,5.9139,0.4121,299928,99976,1,4883,24
415,12.4767,0.0366,0.9884,0.0098,11.5166,0.6102,4.5718,5.7563,0.4195,299928,99976,1,4883,24
416,11.9171,0.0290,0.6987,0.0090,11.3336,0.5926,4.4164,5.7485,0.4587,299928,99976,1,4883,24
417,12.1368,0.0314,0.6336,0.0089,11.4247,0.5884,4.5484,5.6820,0.4482,299928,99976,1,4883,24
418,12.2730,0.0404,0.7154,0.0088,11.4231,0.5793,4.3853,5.7572,0.4991,299928,99976,1,4883,24
419,12.4082,0.0312,0.9020,0.0095,11.4049,0.7045,4.3323,5.7895,0.4005,299928,99976,1,4883,24
420,11.7083,0.0240,0.6483,0.0087,11.0540,0.5654,4.2809,5.7262,0.3783,299928,99976,1,4883,24
421,12.1534,0.0277,0.7081,0.0094,11.4485,0.6354,4.4271,5.7750,0.4454,299928,99976,1,4883,24
422,12.2041,0.0265,0.6612,0.0085,11.3170,0.5988,4.2868,5.8108,0.4885,299928,99976,1,4883,24
423,12.2598,0.0303,0.8202,0.0102,11.2543,0.5946,4.3535,5.7598,0.3996,299928,99976,1,4883,24
424,12.5352,0.0260,0.8056,0.0088,11.3030,0.7053,4.2418,5.7657,0.4118,299928,99976,1,4883,24
425,12.6366,0.0238,1.0147,0.0128,11.4828,0.5958,4.3800,5.9488,0.4182,299928,99976,1,4883,24
426,12.0737,0.0246,0.6510,0.0085,11.2853,0.6610,4.2800,5.8100,0.3901,299928,99976,1,4883,24
427,12.6724,0.0276,0.6607,0.0091,11.2474,0.6910,4.2888,5.6409,0.4288,299928,99976,1,4883,24
428,12.3523,0.0253,0.7838,0.0087,11.1890,0.6707,4.3003,5.6862,0.3772,299928,99976,1,4883,24
429,12.2793,0.0288,0.6463,0.0083,11.3487,0.6652,4.3660,5.7459,0.4182,299928,99976,1,4883,24
430,12.6688,0.0347,0.7126,0.0083,11.4720,0.6457,4.5221,5.7517,0.3924,299928,99976,1,4883,24
431,12.2202,0.0320,0.8056,0.0107,11.1120,0.5476,4.3376,5.7137,0.4009,299928,99976,1,4883,24
432,12.1017,0.0304,0.6760,0.0091,11.7937,0.9953,4.4267,5.7353,0.4515,299928,99976,1,4883,24
433,12.0723,0.0252,0.6874,0.0086,11.5854,0.5993,4.4649,5.8228,0.5278,299928,99976,1,4883,24
434,12.0069,0.0260,0.5779,0.0079,11.6397,0.5695,4.5929,5.8684,0.4884,299928,99976,1,4883,24
435,12.0562,0.0221,0.6417,0.0079,11.2686,0.6127,4.2478,5.8632,0.4099,299928,99976,1,4883,24
436,12.6748,0.0327,0.6154,0.0080,11.4180,0.6217,4.3571,5.8520,0.4444,299928,99976,1,4883,24
437,12.7343,0.0316,1.0483,0.0126,11.2352,0.6159,4.1598,5.8960,0.4406,299928,99976,1,4883,24
438,12.0661,0.0272,0.6555,0.0092,11.3243,0.6250,4.3085,5.8073,0.4370,299928,99976,1,4883,24
439,12.1456,0.0236,0.6569,0.0091,11.4372,0.6546,4.3083,5.8263,0.4013,299928,99976,1,4883,24
440,11.9391,0.0249,0.6518,0.0082,11.1901,0.6412,4.2206,5.8051,0.3931,299928,99976,1,4883,24
441,12.0849,0.0252,0.8017,0.0095,11.3409,0.6938,4.2958,5.8214,0.3846,299928,99976,1,4883,24
442,12.0597,0.0270,0.7278,0.0091,11.2644,0.6555,4.3035,5.7569,0.3873,299928,99976,1,4883,24
443,12.0554,0.0236,0.7334,0.0096,11.2486,0.6686,4.2769,5.7498,0.4060,299928,99976,1,4883,24
444,12.1528,0.0247,0.6613,0.0084,11.3401,0.6550,4.2625,5.8466,0.4188,299928,99976,1,4883,24
445,12.0388,0.0509,0.6416,0.0087,11.2654,0.7071,4.3439,5.7228,0.3681,299928,99976,1,4883,24
446,12.1203,0.0273,0.6233,0.0084,11.2935,0.5656,4.4168,5.7436,0.4525,299928,99976,1,4883,24
447,12.1634,0.0272,0.6303,0.0082,11.3465,0.5299,4.4911,5.7683,0.4345,299928,99976,1,4883,24
448,12.3839,0.0265,0.7374,0.0097,11.6170,0.5727,4.3409,6.1264,0.4458,299928,99976,1,4883,24
449,12.0667,0.0297,0.7178,0.0088,11.6191,0.6318,4.5399,5.8585,0.4663,299928,99976,1,4883,24
450,12.3610,0.0319,0.6712,0.0092,11.0755,0.5434,4.2880,5.7193,0.4040,299928,99976,1,4883,24
451,12.2569,0.0361,0.6425,0.0084,11.3626,0.7142,4.4120,5.6793,0.3922,299928,99976,1,4883,24
452,11.9713,0.0237,0.6733,0.0091,11.4189,0.7805,4.3104,5.7851,0.4068,299928,99976,1,4883,24
453,12.1849,0.0276,0.7294,0.0076,11.4406,0.6074,4.4109,5.9011,0.3916,299928,99976,1,4883,24
454,12.1475,0.0214,0.8088,0.0088,11.4139,0.7075,4.2876,5.8538,0.4169,299928,99976,1,4883,24
455,12.1726,0.0290,0.6933,0.0092,11.2132,0.6938,4.2460,5.6951,0.4013,299928,99976,1,4883,24
456,12.2467,0.0320,0.7276,0.0105,11.1687,0.6517,4.2224,5.7459,0.3863,299928,99976,1,4883,24
457,12.3678,0.0248,0.7523,0.0093,11.2909,0.6474,4.2787,5.7137,0.4853,299928,99976,1,4883,24
458,12.3548,0.0296,0.6748,0.0095,11.2872,0.6330,4.2597,5.8321,0.4296,299928,99976,1,4883,24
459,12.4069,0.0296,0.7528,0.0195,11.6018,0.6294,4.5375,5.8457,0.4254,299928,99976,1,4883,24
460,12.0191,0.0225,0.6402,0.0087,11.5493,0.6730,4.4066,5.8106,0.4619,299928,99976,1,4883,24
461,11.9399,0.0252,0.6122,0.0093,11.5716,0.6116,4.4669,5.9217,0.4219,299928,99976,1,4883,24
462,12.6764,0.0260,0.9397,0.0205,11.3183,0.6599,4.2398,5.7755,0.4894,299928,99976,1,4883,24
463,12.1402,0.0235,0.6669,0.0089,11.0388,0.5944,4.1815,5.7018,0.4170,299928,99976,1,4883,24
464,12.4987,0.0274,0.6737,0.0081,11.1175,0.6298,4.1982,5.7086,0.4285,299928,99976,1,4883,24
465,12.0114,0.0252,0.6467,0.0087,11.1694,0.6402,4.1198,5.8365,0.4307,299928,99976,1,4883,24
466,12.6270,0.0302,0.6467,0.0081,11.3371,0.5926,4.4235,5.7617,0.4213,299928,99976,1,4883,24
467,12.6374,0.0287,0.9125,0.0086,11.3289,0.6124,4.2599,5.8317,0.4447,299928,99976,1,4883,24
468,12.4975,0.0445,0.8494,0.0111,11.2152,0.6361,4.2126,5.7196,0.4863,299928,99976,1,4883,24
469,12.5523,0.0360,0.9305,0.0123,10.9420,0.5468,4.1407,5.7082,0.4210,299928,99976,1,4883,24
470,12.3436,0.0445,0.6753,0.0107,11.1652,0.5658,4.3326,5.7439,0.4030,299928,99976,1,4883,24
471,12.2496,0.0325,0.6795,0.0091,11.4434,0.6751,4.3341,5.8768,0.4134,299928,99976,1,4883,24
472,12.6347,0.0507,0.8683,0.0099,11.5079,0.7398,4.4924,5.7424,0.3859,299928,99976,1,4883,24
473,12.1051,0.0292,0.6961,0.0097,11.8308,0.7857,4.5527,5.7966,0.5410,299928,99976,1,4883,24
474,12.2877,0.0486,0.9303,0.0098,11.5422,0.6572,4.5333,5.7712,0.4262,299928,99976,1,4883,24
475,11.8633,0.0232,0.7013,0.0085,11.4549,0.6605,4.3764,5.7378,0.4831,299928,99976,1,4883,24
476,12.0022,0.0298,0.6610,0.0081,11.1678,0.6195,4.1886,5.7691,0.4202,299928,99976,1,4883,24
477,12.3478,0.0466,0.6643,0.0087,11.3475,0.6597,4.2863,5.8008,0.4203,299928,99976,1,4883,24
478,12.4885,0.0281,0.6551,0.0094,11.3204,0.6022,4.1933,5.7541,0.6297,299928,99976,1,4883,24
479,12.6295,0.0285,0.6546,0.0086,11.5775,0.6188,4.3284,5.9767,0.4940,299928,99976,1,4883,24
480,12.7672,0.0278,0.9001,0.0114,11.4650,0.6677,4.2907,5.8946,0.4648,299928,99976,1,4883,24
481,11.7829,0.0227,0.6385,0.0093,11.3461,0.6207,4.2167,5.8277,0.4689,299928,99976,1,4883,24
482,12.2855,0.0276,0.6568,0.0084,11.6338,0.6499,4.2713,5.7497,0.7556,299928,99976,1,4883,24
483,11.9791,0.0242,0.7124,0.0078,12.9632,0.9222,4.5912,6.4905,0.7462,299928,99976,1,4883,24
484,12.5022,0.0305,0.7114,0.0090,20.8582,1.3328,12.6343,6.1284,0.5594,299928,99976,1,4883,24
485,12.1774,0.0457,0.6474,0.0088,12.9115,0.6904,4.5266,6.1965,1.3705,299928,99976,1,4883,24
486,12.4141,0.0250,1.1173,0.0098,11.7462,0.6765,4.5563,5.8396,0.4973,299928,99976,1,4883,24
487,12.2996,0.0301,0.6376,0.0083,11.4274,0.7210,4.2994,5.7712,0.4709,299928,99976,1,4883,24
488,12.1599,0.0479,0.6635,0.0085,10.9995,0.5743,4.2018,5.6629,0.4044,299928,99976,1,4883,24
489,12.1297,0.0259,0.7419,0.0095,11.0619,0.5920,4.2019,5.7188,0.3992,299928,99976,1,4883,24
490,12.0829,0.0263,0.6699,0.0081,10.8608,0.5202,4.2017,5.5956,0.4197,299928,99976,1,4883,24
491,12.2709,0.0272,1.0357,0.0108,11.1241,0.5758,4.2684,5.6740,0.4548,299928,99976,1,4883,24
492,12.1727,0.0272,0.6785,0.0101,11.3720,0.6322,4.2220,5.9322,0.4368,299928,99976,1,4883,24
493,12.2383,0.0322,0.8080,0.0096,11.2416,0.6471,4.2442,5.8198,0.4148,299928,99976,1,4883,24
494,12.1422,0.0345,0.6742,0.0096,11.1404,0.5430,4.1569,5.8691,0.4496,299928,99976,1,4883,24
495,12.1058,0.0298,0.6428,0.0085,11.3324,0.5953,4.3167,5.8498,0.4438,299928,99976,1,4883,24
496,11.8163,0.0212,0.6419,0.0080,11.2184,0.5408,4.3328,5.8116,0.4188,299928,99976,1,4883,24
497,12.2966,0.0322,0.6549,0.0086,11.1677,0.6535,4.2130,5.7644,0.4149,299928,99976,1,4883,24
498,12.5949,0.0365,0.6797,0.0088,11.4465,0.6679,4.3796,5.8561,0.4125,299928,99976,1,4883,24
499,12.2638,0.0293,0.7041,0.0089,11.1974,0.6507,4.2030,5.8011,0.3992,299928,99976,1,4883,24
500,12.3407,0.0261,0.6301,0.0090,11.4791,0.7227,4.3841,5.8347,0.3874,299928,99976,1,4883,24
501,12.1879,0.0323,0.7073,0.0091,11.3497,0.6131,4.4575,5.7078,0.4027,299928,99976,1,4883,24
502,12.1642,0.0291,0.6659,0.0084,11.7032,0.6117,4.5371,5.9663,0.4209,299928,99976,1,4883,24
503,12.1683,0.0249,0.6737,0.0086,11.2955,0.7266,4.2662,5.7122,0.4178,299928,99976,1,4883,24
504,12.5410,0.0320,0.6181,0.0081,11.2782,0.6486,4.2997,5.7569,0.4080,299928,99976,1,4883,24
505,12.5227,0.0275,0.7524,0.0104,11.1031,0.5548,4.2012,5.7443,0.4551,299928,99976,1,4883,24
506,12.6346,0.0311,0.8589,0.0090,11.6332,0.6284,4.5089,5.8492,0.4824,299928,99976,1,4883,24
507,12.1744,0.0291,0.6970,0.0094,11.3529,0.6435,4.2348,5.8498,0.4824,299928,99976,1,4883,24
508,12.0930,0.0324,0.6225,0.0080,11.0464,0.6081,4.1851,5.6644,0.4588,299928,99976,1,4883,24
509,12.2613,0.0332,0.7521,0.0086,11.5714,0.6350,4.4082,5.8671,0.4868,299928,99976,1,4883,24
510,12.3999,0.0307,0.8836,0.0108,11.3787,0.5812,4.3748,5.8132,0.4607,299928,99976,1,4883,24
511,13.3271,0.0597,1.4521,0.0094,11.4924,0.6285,4.4681,5.8177,0.4474,299928,99976,1,4883,24
512,12.1018,0.0319,0.6977,0.0110,11.1262,0.6206,4.3149,5.6420,0.4009,299928,99976,1,4883,24
513,12.2641,0.0316,0.6619,0.0081,11.0736,0.6011,4.1711,5.7518,0.4204,299928,99976,1,4883,24
514,12.2923,0.0330,0.6840,0.0092,11.1166,0.5766,4.2130,5.7808,0.4254,299928,99976,1,4883,24
515,12.0733,0.0332,0.6492,0.0087,11.4368,0.6795,4.4215,5.7915,0.4052,299928,99976,1,4883,24
516,12.3117,0.0252,0.6303,0.0086,11.6255,0.6949,4.5521,5.8173,0.3968,299928,99976,1,4883,24
517,12.8461,0.0311,0.9688,0.0106,11.2686,0.6683,4.3393,5.7213,0.3972,299928,99976,1,4883,24
518,12.3454,0.0300,0.6590,0.0082,11.1553,0.6763,4.2567,5.6922,0.3847,299928,99976,1,4883,24
519,12.1771,0.0350,0.7521,0.0092,11.8915,0.8402,4.3646,5.9507,0.5377,299928,99976,1,4883,24
520,12.0749,0.0300,0.7260,0.0105,11.4436,0.7058,4.2634,5.7581,0.5644,299928,99976,1,4883,24
521,12.0827,0.0279,0.7391,0.0097,11.6845,0.7524,4.3044,6.0334,0.3991,299928,99976,1,4883,24
522,12.3245,0.0223,0.7878,0.0102,10.9754,0.5933,4.0929,5.6971,0.4816,299928,99976,1,4883,24
523,13.1579,0.0282,0.9221,0.0135,11.3005,0.6420,4.2718,5.7735,0.4658,299928,99976,1,4883,24
524,12.3168,0.0246,0.6698,0.0094,11.2483,0.5879,4.3410,5.7676,0.4406,299928,99976,1,4883,24
525,12.4173,0.0238,0.6528,0.0094,11.3531,0.6259,4.3487,5.7738,0.4278,299928,99976,1,4883,24
526,12.4004,0.0292,0.6932,0.0097,11.2314,0.5985,4.3005,5.7185,0.4517,299928,99976,1,4883,24
527,12.2583,0.0239,0.6644,0.0090,11.2796,0.6444,4.3260,5.7189,0.4366,299928,99976,1,4883,24
528,12.4337,0.0254,0.6673,0.0085,11.5817,0.8834,4.2789,5.8042,0.4428,299928,99976,1,4883,24
529,12.3464,0.0363,0.6750,0.0098,11.0928,0.6404,4.1328,5.7597,0.4011,299928,99976,1,4883,24
530,12.4828,0.0297,0.7018,0.0089,11.1393,0.5932,4.1393,5.7885,0.4631,299928,99976,1,4883,24
531,12.2043,0.0348,0.7085,0.0093,11.1964,0.5274,4.3374,5.7577,0.4446,299928,99976,1,4883,24
532,12.5171,0.0367,1.1444,0.0131,11.5082,0.6627,4.5409,5.7164,0.4573,299928,99976,1,4883,24
533,12.7286,0.0484,0.9019,0.0102,11.7410,0.7214,4.5473,5.8946,0.4477,299928,99976,1,4883,24
534,12.4752,0.0394,0.6684,0.0085,11.6387,0.6160,4.5096,5.9184,0.4759,299928,99976,1,4883,24
535,12.0540,0.0311,0.6962,0.0083,11.2760,0.7170,4.2196,5.7941,0.4129,299928,99976,1,4883,24
536,12.6291,0.0343,0.7640,0.0104,10.9899,0.6072,4.1943,5.6550,0.4016,299928,99976,1,4883,24
537,11.8297,0.0237,0.6709,0.0083,11.5048,0.7125,4.4926,5.7443,0.3926,299928,99976,1,4883,24
538,12.2332,0.0312,0.6593,0.0081,11.3954,0.6820,4.4548,5.7033,0.3757,299928,99976,1,4883,24
539,12.4164,0.0300,0.6261,0.0089,11.1984,0.6638,4.2487,5.6671,0.4557,299928,99976,1,4883,24
540,11.8006,0.0233,0.6418,0.0069,11.2223,0.7575,4.1982,5.7406,0.3756,299928,99976,1,4883,24
541,12.1783,0.0338,0.6137,0.0083,11.3968,0.5876,4.3063,5.9051,0.4796,299928,99976,1,4883,24
542,12.4542,0.0240,0.8145,0.0090,11.3898,0.5927,4.4331,5.8006,0.4117,299928,99976,1,4883,24
543,13.2080,0.0344,0.6712,0.0097,11.5130,0.5892,4.5397,5.7744,0.4670,299928,99976,1,4883,24
544,12.1662,0.0343,0.6925,0.0080,11.3750,0.6192,4.3788,5.7895,0.4646,299928,99976,1,4883,24
545,12.1397,0.0265,0.7558,0.0088,11.5472,0.6126,4.4791,5.8896,0.4273,299928,99976,1,4883,24
546,12.2913,0.0242,0.6968,0.0202,11.1267,0.6341,4.2149,5.6995,0.4196,299928,99976,1,4883,24
547,12.6176,0.0327,0.6649,0.0085,11.5177,0.6080,4.4597,5.8380,0.4470,299928,99976,1,4883,24
548,12.2605,0.0275,0.7793,0.0099,11.4626,0.6112,4.3358,5.8283,0.5386,299928,99976,1,4883,24
549,12.1532,0.0235,0.6888,0.0084,11.3033,0.5747,4.3557,5.8251,0.4273,299928,99976,1,4883,24
550,11.9762,0.0296,0.7075,0.0094,11.2316,0.6006,4.3106,5.7437,0.4438,299928,99976,1,4883,24
551,12.2657,0.0347,0.7727,0.0146,11.1858,0.6389,4.2277,5.7542,0.4234,299928,99976,1,4883,24
552,12.3295,0.0378,0.6383,0.0092,11.3511,0.6478,4.3247,5.7728,0.4682,299928,99976,1,4883,24
553,12.4026,0.0404,0.6949,0.0098,11.3549,0.6669,4.2871,5.8132,0.4380,299928,99976,1,4883,24
554,12.2811,0.0314,0.7936,0.0101,11.2443,0.5798,4.3700,5.7660,0.3959,299928,99976,1,4883,24
555,12.1304,0.0231,0.7182,0.0096,11.4262,0.6351,4.3923,5.8424,0.4085,299928,99976,1,4883,24
556,12.4151,0.0266,0.7845,0.0100,11.4796,0.8764,4.3492,5.7126,0.3734,299928,99976,1,4883,24
557,14.4286,0.0271,2.3767,0.0280,11.2636,0.6331,4.2765,5.7430,0.4454,299928,99976,1,4883,24
558,12.7143,0.0320,0.7778,0.0116,11.5122,0.7852,4.3148,5.8215,0.4354,299928,99976,1,4883,24
559,12.7463,0.0363,0.6542,0.0097,11.3577,0.6870,4.3079,5.8325,0.3758,299928,99976,1,4883,24
560,13.8605,0.0469,1.5401,0.0093,11.1077,0.5359,4.2579,5.7089,0.4803,299928,99976,1,4883,24
561,11.8527,0.0229,0.6454,0.0084,11.3677,0.5960,4.3775,5.8245,0.4232,299928,99976,1,4883,24
562,12.1648,0.0327,0.6117,0.0083,11.4380,0.5564,4.4321,5.9125,0.4145,299928,99976,1,4883,24
563,12.2061,0.0230,0.6631,0.0092,11.4436,0.6264,4.3283,5.8712,0.4616,299928,99976,1,4883,24
564,12.2010,0.0259,0.6268,0.0085,11.3863,0.6266,4.3900,5.7648,0.4721,299928,99976,1,4883,24
565,12.3460,0.0254,0.6388,0.0087,11.4676,0.6867,4.2856,5.8743,0.4607,299928,99976,1,4883,24
566,12.4422,0.0273,0.7099,0.0090,11.2075,0.6512,4.2054,5.7276,0.4738,299928,99976,1,4883,24
567,11.9619,0.0258,0.6985,0.0098,11.3542,0.5989,4.4099,5.7601,0.4406,299928,99976,1,4883,24
568,12.4322,0.0306,0.6942,0.0086,11.4960,0.6229,4.4820,5.8480,0.4109,299928,99976,1,4883,24
569,12.6442,0.0287,0.6823,0.0090,11.2836,0.5372,4.4042,5.7553,0.4606,299928,99976,1,4883,24
570,12.3421,0.0283,0.6644,0.0100,11.5219,0.6309,4.4990,5.8599,0.4119,299928,99976,1,4883,24
571,12.2745,0.0383,0.8359,0.0090,11.2371,0.5604,4.3755,5.7660,0.4050,299928,99976,1,4883,24
572,12.0029,0.0299,0.6484,0.0083,11.1005,0.5819,4.2011,5.8016,0.3894,299928,99976,1,4883,24
573,12.5334,0.0281,0.7797,0.0108,11.2168,0.7166,4.2434,5.7168,0.4060,299928,99976,1,4883,24
574,11.9265,0.0305,0.6323,0.0082,11.2959,0.6683,4.2955,5.7313,0.4317,299928,99976,1,4883,24
575,12.4067,0.0307,0.6943,0.0079,11.4999,0.6949,4.3749,5.9107,0.3818,299928,99976,1,4883,24
576,13.1211,0.0349,1.1754,0.0130,11.2282,0.7290,4.2414,5.6518,0.3911,299928,99976,1,4883,24
577,12.3940,0.0349,0.7669,0.0091,11.8179,0.6977,4.6861,5.8664,0.4133,299928,99976,1,4883,24
578,12.4048,0.0408,0.6894,0.0087,11.2269,0.6014,4.2902,5.7364,0.4578,299928,99976,1,4883,24
579,12.2778,0.0333,0.9673,0.0106,11.2196,0.6008,4.2990,5.7065,0.4590,299928,99976,1,4883,24
580,12.0832,0.0240,0.7591,0.0087,11.2843,0.7117,4.2833,5.6803,0.4569,299928,99976,1,4883,24
581,11.8883,0.0257,0.5945,0.0074,11.0391,0.6135,4.1174,5.7222,0.4439,299928,99976,1,4883,24
582,12.6703,0.0268,0.6298,0.0086,11.2399,0.6111,4.3603,5.6803,0.4348,299928,99976,1,4883,24
583,12.2110,0.0324,0.7094,0.0091,11.3506,0.5685,4.2122,5.8667,0.5346,299928,99976,1,4883,24
584,12.7461,0.0344,1.1569,0.0077,11.2342,0.6416,4.2236,5.7984,0.4330,299928,99976,1,4883,24
585,12.3533,0.0230,0.8138,0.0106,11.0293,0.5741,4.1626,5.7466,0.4179,299928,99976,1,4883,24
586,12.0635,0.0309,0.7169,0.0089,11.4330,0.5403,4.4622,5.8003,0.5055,299928,99976,1,4883,24
587,12.2372,0.0276,0.8317,0.0200,11.2111,0.5869,4.2535,5.8311,0.4203,299928,99976,1,4883,24
588,12.2905,0.0255,0.6419,0.0085,11.4698,0.5774,4.4868,5.8573,0.4183,299928,99976,1,4883,24
589,12.6224,0.0301,0.7599,0.0089,11.4129,0.6557,4.2770,5.9275,0.4232,299928,99976,1,4883,24
590,12.5411,0.0359,0.6909,0.0084,11.3767,0.6297,4.3167,5.9122,0.3786,299928,99976,1,4883,24
591,12.7375,0.0337,0.6859,0.0086,11.3201,0.6451,4.3954,5.7483,0.3810,299928,99976,1,4883,24
592,12.0724,0.0332,0.6599,0.0086,11.2342,0.6557,4.1611,5.8377,0.4269,299928,99976,1,4883,24
593,12.3015,0.0487,0.6191,0.0080,11.3781,0.7395,4.2987,5.7724,0.4130,299928,99976,1,4883,24
594,12.2708,0.0245,0.6437,0.0089,11.3528,0.6072,4.2878,5.8050,0.4804,299928,99976,1,4883,24
595,12.5559,0.0424,0.7405,0.0089,11.2878,0.6299,4.3017,5.7640,0.4301,299928,99976,1,4883,24
596,12.3110,0.0327,0.6702,0.0088,11.4858,0.8445,4.2501,5.7248,0.3843,299928,99976,1,4883,24
597,13.0041,0.0238,1.1977,0.0101,11.0285,0.5599,4.1513,5.7619,0.4469,299928,99976,1,4883,24
598,12.0877,0.0309,0.6638,0.0083,11.6591,0.6555,4.5008,5.8102,0.5417,299928,99976,1,4883,24
599,12.4002,0.0317,0.6606,0.0088,11.2762,0.6189,4.2481,5.7880,0.4767,299928,99976,1,4883,24
600,12.1249,0.0359,0.6527,0.0084,11.1380,0.6675,4.2573,5.6839,0.3889,299928,99976,1,4883,24
601,12.5306,0.0315,0.7471,0.0112,11.1985,0.6243,4.2339,5.7802,0.3960,299928,99976,1,4883,24
602,12.2204,0.0268,0.6783,0.0089,11.6688,0.7619,4.3941,5.8531,0.4964,299928,99976,1,4883,24
603,12.4172,0.0371,0.7155,0.0099,11.2286,0.6186,4.2447,5.7668,0.4376,299928,99976,1,4883,24
604,12.8211,0.0312,0.7567,0.0126,11.2852,0.6213,4.3328,5.7669,0.4285,299928,99976,1,4883,24
605,12.5020,0.0279,0.9292,0.0109,11.3244,0.5619,4.4298,5.8063,0.4052,299928,99976,1,4883,24
606,12.8902,0.0282,0.6561,0.0090,11.4043,0.6124,4.4972,5.7601,0.4004,299928,99976,1,4883,24
607,12.1640,0.0239,0.6604,0.0091,11.5384,0.6484,4.4543,5.8592,0.4345,299928,99976,1,4883,24
608,12.3241,0.0323,0.6456,0.0084,11.4717,0.6117,4.3024,5.9949,0.4190,299928,99976,1,4883,24
609,12.1834,0.0332,0.7166,0.0088,11.7407,0.7799,4.3301,6.0021,0.4606,299928,99976,1,4883,24
610,12.0979,0.0347,0.7509,0.0094,11.3511,0.6588,4.1745,5.8749,0.4502,299928,99976,1,4883,24
611,12.3620,0.0227,0.6147,0.0088,11.0474,0.6136,4.1810,5.6802,0.4065,299928,99976,1,4883,24
612,12.5946,0.0265,0.8191,0.0107,11.3746,0.5720,4.4010,5.8328,0.4352,299928,99976,1,4883,24
613,12.5426,0.0407,0.7088,0.0082,11.2465,0.7135,4.2283,5.6967,0.4248,299928,99976,1,4883,24
614,12.3040,0.0308,0.6311,0.0082,11.2932,0.6309,4.3225,5.7183,0.4331,299928,99976,1,4883,24
615,12.6512,0.0365,0.8207,0.0096,11.1348,0.6369,4.1593,5.7354,0.4460,299928,99976,1,4883,24
616,12.2625,0.0281,0.6491,0.0090,11.1503,0.5865,4.1530,5.8287,0.4291,299928,99976,1,4883,24
617,12.2184,0.0232,0.6392,0.0092,11.1957,0.6108,4.2323,5.8301,0.3820,299928,99976,1,4883,24
618,12.4893,0.0261,0.7214,0.0093,11.0838,0.5443,4.3407,5.6940,0.3980,299928,99976,1,4883,24
619,12.2755,0.0248,0.6765,0.0085,11.3138,0.6191,4.3606,5.7445,0.4305,299928,99976,1,4883,24
620,12.1731,0.0240,0.6373,0.0087,11.3471,0.6028,4.2337,5.8676,0.4788,299928,99976,1,4883,24
621,12.4925,0.0466,0.6891,0.0080,11.1140,0.6221,4.1908,5.7200,0.4325,299928,99976,1,4883,24
622,12.7722,0.0301,1.1467,0.0130,11.5325,0.5959,4.5540,5.8061,0.4189,299928,99976,1,4883,24
623,12.3856,0.0292,0.7814,0.0084,11.2049,0.6014,4.2429,5.8050,0.4257,299928,99976,1,4883,24
624,12.1837,0.0317,0.6308,0.0080,11.1004,0.5226,4.3359,5.7128,0.4122,299928,99976,1,4883,24
625,12.3944,0.0288,0.6586,0.0092,11.4516,0.5831,4.4866,5.8499,0.4060,299928,99976,1,4883,24
626,12.6542,0.0285,0.6917,0.0095,11.2618,0.6420,4.1921,5.8933,0.3982,299928,99976,1,4883,24
627,12.4213,0.0296,0.6411,0.0078,11.3671,0.6649,4.4299,5.7357,0.3877,299928,99976,1,4883,24
628,12.3829,0.0550,0.7352,0.0106,11.6791,0.9840,4.4194,5.7238,0.3881,299928,99976,1,4883,24
629,12.3381,0.0356,0.6430,0.0096,11.4485,0.6507,4.3482,5.8344,0.4338,299928,99976,1,4883,24
630,12.2057,0.0297,0.6270,0.0091,11.3556,0.6253,4.3036,5.8003,0.4673,299928,99976,1,4883,24
631,12.2771,0.0420,0.6641,0.0088,11.2842,0.6719,4.2876,5.7780,0.3928,299928,99976,1,4883,24
632,12.1674,0.0246,0.6480,0.0083,11.1778,0.6124,4.3589,5.6617,0.4229,299928,99976,1,4883,24
633,11.9342,0.0285,0.6437,0.0077,11.1757,0.6557,4.2438,5.6594,0.4531,299928,99976,1,4883,24
634,12.9743,0.0244,1.0053,0.0101,11.1684,0.6035,4.2254,5.7819,0.3987,299928,99976,1,4883,24
635,12.6594,0.0283,0.9686,0.0138,11.0611,0.6694,4.1305,5.6801,0.4245,299928,99976,1,4883,24
636,12.2772,0.0258,0.8526,0.0092,11.3041,0.6054,4.4482,5.6772,0.4329,299928,99976,1,4883,24
637,12.2935,0.0289,0.6701,0.0085,11.1061,0.6405,4.2019,5.6996,0.4179,299928,99976,1,4883,24
638,13.0243,0.0338,0.6605,0.0094,11.4885,0.5947,4.4670,5.8093,0.4681,299928,99976,1,4883,24
639,12.3428,0.0251,0.6461,0.0092,11.3971,0.5818,4.3234,5.9012,0.4526,299928,99976,1,4883,24
640,12.3465,0.0263,0.8414,0.0094,11.1277,0.6181,4.1756,5.7961,0.4246,299928,99976,1,4883,24
641,12.8387,0.0244,0.9124,0.0114,,,,,,299928,99976,,,
642,12.3949,0.0377,0.7259,0.0096,,,,,,299928,99976,,,
643,12.4970,0.0518,0.7122,0.0092,,,,,,299928,99976,,,
644,12.1886,0.0355,0.6593,0.0093,,,,,,299928,99976,,,
645,11.8148,0.0484,0.6324,0.0079,,,,,,299928,99976,,,
646,12.6868,0.0331,0.7097,0.0092,,,,,,299928,99976,,,
647,12.0874,0.0334,0.6912,0.0092,,,,,,299928,99976,,,
648,12.1753,0.0275,0.6550,0.0086,,,,,,299928,99976,,,
649,12.6423,0.0365,0.8352,0.0095,,,,,,299928,99976,,,
650,12.1518,0.0352,0.6734,0.0091,,,,,,299928,99976,,,
651,12.2633,0.0310,0.8243,0.0185,,,,,,299928,99976,,,
652,12.3111,0.0375,0.7057,0.0101,,,,,,299928,99976,,,
653,12.5149,0.0361,0.8132,0.0105,,,,,,299928,99976,,,
654,12.1844,0.0354,0.6294,0.0087,,,,,,299928,99976,,,
655,11.9654,0.0269,0.6413,0.0080,,,,,,299928,99976,,,
656,12.2659,0.0340,0.7841,0.0107,,,,,,299928,99976,,,
657,12.2889,0.0412,0.7710,0.0082,,,,,,299928,99976,,,
658,12.4810,0.0283,0.7164,0.0094,,,,,,299928,99976,,,
659,12.5772,0.0373,0.9330,0.0113,,,,,,299928,99976,,,
660,12.0682,0.0289,0.6942,0.0087,,,,,,299928,99976,,,
661,12.0755,0.0245,0.6687,0.0089,,,,,,299928,99976,,,
662,12.4508,0.0259,0.7808,0.0087,,,,,,299928,99976,,,
663,12.4286,0.0303,0.6319,0.0092,,,,,,299928,99976,,,
664,11.9940,0.0244,0.6385,0.0086,,,,,,299928,99976,,,
665,12.4107,0.0265,0.8598,0.0098,,,,,,299928,99976,,,
666,12.5528,0.0387,0.6709,0.0090,,,,,,299928,99976,,,
667,12.4183,0.0320,0.6618,0.0091,,,,,,299928,99976,,,
668,12.3202,0.0249,0.7640,0.0092,,,,,,299928,99976,,,
669,12.2946,0.0302,0.6482,0.0091,,,,,,299928,99976,,,
670,12.4146,0.0288,0.7632,0.0094,,,,,,299928,99976,,,
671,12.8590,0.0540,1.2167,0.0102,,,,,,299928,99976,,,
672,11.8969,0.0228,0.6427,0.0082,,,,,,299928,99976,,,
673,12.3393,0.0344,0.6492,0.0095,,,,,,299928,99976,,,
674,12.2045,0.0260,0.6753,0.0087,,,,,,299928,99976,,,
675,12.2984,0.0317,0.8302,0.0089,,,,,,299928,99976,,,
676,12.2053,0.0319,0.6834,0.0098,,,,,,299928,99976,,,
677,12.5264,0.0299,0.8265,0.0109,,,,,,299928,99976,,,
678,12.1321,0.0275,0.6297,0.0090,,,,,,299928,99976,,,
679,12.2178,0.0348,0.7081,0.0097,,,,,,299928,99976,,,
680,12.2213,0.0341,0.8099,0.0115,,,,,,299928,99976,,,
681,12.2378,0.0323,0.6669,0.0097,,,,,,299928,99976,,,
682,12.3134,0.0331,0.6242,0.0080,,,,,,299928,99976,,,
683,12.1448,0.0239,0.8287,0.0090,,,,,,299928,99976,,,
684,12.7044,0.0319,0.6738,0.0089,,,,,,299928,99976,,,
685,12.5177,0.0286,0.7000,0.0089,,,,,,299928,99976,,,
686,12.5131,0.0241,0.6554,0.0083,,,,,,299928,99976,,,
687,12.1638,0.0288,0.6744,0.0083,,,,,,299928,99976,,,
688,12.3994,0.0288,0.7667,0.0081,,,,,,299928,99976,,,
689,12.5561,0.0246,1.1115,0.0106,,,,,,299928,99976,,,
690,12.2858,0.0271,0.7339,0.0096,,,,,,299928,99976,,,
691,12.3360,0.0409,0.6790,0.0085,,,,,,299928,99976,,,
692,12.1451,0.0500,0.7218,0.0084,,,,,,299928,99976,,,
693,12.1895,0.0381,0.6308,0.0084,,,,,,299928,99976,,,
694,12.1731,0.0360,0.6840,0.0085,,,,,,299928,99976,,,
695,12.2620,0.0291,0.8031,0.0097,,,,,,299928,99976,,,
696,21.5310,0.0339,9.9593,0.0096,,,,,,299928,99976,,,
697,12.1033,0.0281,0.6400,0.0083,,,,,,299928,99976,,,
698,12.1537,0.0227,0.6529,0.0087,,,,,,299928,99976,,,
699,12.1851,0.0238,0.6370,0.0087,,,,,,299928,99976,,,
700,12.5515,0.0266,0.6764,0.0095,,,,,,299928,99976,,,
701,13.0754,0.0248,1.2480,0.0097,,,,,,299928,99976,,,
702,11.9305,0.0232,0.6528,0.0088,,,,,,299928,99976,,,
703,12.2640,0.0570,0.6624,0.0085,,,,,,299928,99976,,,
704,12.3034,0.0309,0.6646,0.0085,,,,,,299928,99976,,,
705,12.2977,0.0264,0.6485,0.0089,,,,,,299928,99976,,,
706,12.2998,0.0301,0.6724,0.0093,,,,,,299928,99976,,,
707,12.2768,0.0371,0.8359,0.0108,,,,,,299928,99976,,,
708,12.0682,0.0354,0.6571,0.0086,,,,,,299928,99976,,,
709,12.2153,0.0308,0.7059,0.0091,,,,,,299928,99976,,,
710,12.1525,0.0270,0.6574,0.0086,,,,,,299928,99976,,,
711,12.4582,0.0321,0.6392,0.0089,,,,,,299928,99976,,,
712,12.6310,0.0347,0.8399,0.0087,,,,,,299928,99976,,,
713,12.6128,0.0283,0.8189,0.0099,,,,,,299928,99976,,,
714,12.3609,0.0302,0.8179,0.0095,,,,,,299928,99976,,,
715,12.0502,0.0280,0.7909,0.0085,,,,,,299928,99976,,,
716,12.1719,0.0281,0.7947,0.0100,,,,,,299928,99976,,,
717,12.1126,0.0269,0.7024,0.0096,,,,,,299928,99976,,,
718,12.1846,0.0358,0.6313,0.0084,,,,,,299928,99976,,,
719,12.6504,0.0359,1.0797,0.0094,,,,,,299928,99976,,,
720,12.1255,0.0274,0.6855,0.0100,,,,,,299928,99976,,,
721,11.8723,0.0233,0.7198,0.0093,,,,,,299928,99976,,,
722,12.0146,0.0256,0.6432,0.0084,,,,,,299928,99976,,,
723,12.3439,0.0511,0.6644,0.0189,,,,,,299928,99976,,,
724,12.3292,0.0290,0.6158,0.0080,,,,,,299928,99976,,,
725,12.7620,0.0306,0.6973,0.0092,,,,,,299928,99976,,,
726,12.3972,0.0318,0.6350,0.0087,,,,,,299928,99976,,,
727,12.5923,0.0336,0.9077,0.0090,,,,,,299928,99976,,,
728,12.0240,0.0350,0.6323,0.0077,,,,,,299928,99976,,,
729,12.2403,0.0399,0.6706,0.0090,,,,,,299928,99976,,,
730,12.2216,0.0262,0.6759,0.0090,,,,,,299928,99976,,,
731,12.5361,0.0311,0.7317,0.0108,,,,,,299928,99976,,,
732,12.3693,0.0297,0.6805,0.0092,,,,,,299928,99976,,,
733,12.4543,0.0320,0.8067,0.0100,,,,,,299928,99976,,,
734,14.3328,0.0328,2.2997,0.0242,,,,,,299928,99976,,,
735,17.8307,0.0381,4.5377,0.0209,,,,,,299928,99976,,,
736,21.7756,0.0389,0.6813,0.0097,,,,,,299928,99976,,,
737,14.1947,0.0240,1.0393,0.0101,,,,,,299928,99976,,,
738,12.8503,0.0351,0.8721,0.0099,,,,,,299928,99976,,,
739,12.3414,0.0315,0.6835,0.0091,,,,,,299928,99976,,,
740,11.9643,0.0294,0.7480,0.0082,,,,,,299928,99976,,,
741,11.9003,0.0317,0.6253,0.0083,,,,,,299928,99976,,,
742,11.7231,0.0237,0.6601,0.0087,,,,,,299928,99976,,,
743,12.0872,0.0306,0.7362,0.0097,,,,,,299928,99976,,,
744,12.2482,0.0286,0.6607,0.0082,,,,,,299928,99976,,,
745,12.1088,0.0231,0.6627,0.0086,,,,,,299928,99976,,,
746,11.9995,0.0252,0.6475,0.0087,,,,,,299928,99976,,,
747,12.2304,0.0254,0.6816,0.0094,,,,,,299928,99976,,,
748,12.0954,0.0233,0.6746,0.0188,,,,,,299928,99976,,,
749,12.0588,0.0482,0.6622,0.0089,,,,,,299928,99976,,,
750,12.6355,0.0261,0.9800,0.0122,,,,,,299928,99976,,,
751,12.1444,0.0404,0.7207,0.0112,,,,,,299928,99976,,,
752,12.6279,0.0318,0.9300,0.0080,,,,,,299928,99976,,,
753,12.4578,0.0341,0.8919,0.0085,,,,,,299928,99976,,,
754,12.5846,0.0333,0.6571,0.0088,,,,,,299928,99976,,,
755,12.2672,0.0356,0.7169,0.0080,,,,,,299928,99976,,,
756,12.2563,0.0357,0.7553,0.0117,,,,,,299928,99976,,,
757,11.9901,0.0230,0.6808,0.0095,,,,,,299928,99976,,,
758,12.5260,0.0312,0.6676,0.0088,,,,,,299928,99976,,,
759,12.3592,0.0220,0.7747,0.0103,,,,,,299928,99976,,,
760,11.9349,0.0235,0.6687,0.0086,,,,,,299928,99976,,,
761,12.7262,0.0483,0.8882,0.0103,,,,,,299928,99976,,,
762,12.7461,0.0266,1.1358,0.0107,,,,,,299928,99976,,,
763,12.3558,0.0251,0.6498,0.0086,,,,,,299928,99976,,,
764,12.0953,0.0462,0.6971,0.0088,,,,,,299928,99976,,,
765,11.9354,0.0248,0.6588,0.0087,,,,,,299928,99976,,,
766,12.2079,0.0267,0.8833,0.0082,,,,,,299928,99976,,,
767,12.3644,0.0268,0.7155,0.0110,,,,,,299928,99976,,,
768,12.7744,0.0301,0.9198,0.0114,,,,,,299928,99976,,,
769,12.1516,0.0278,0.6698,0.0092,,,,,,299928,99976,,,
770,11.9938,0.0281,0.6319,0.0081,,,,,,299928,99976,,,
771,12.8845,0.0408,0.7276,0.0195,,,,,,299928,99976,,,
772,12.5712,0.0289,0.9169,0.0111,,,,,,299928,99976,,,
773,12.5518,0.0439,0.6419,0.0097,,,,,,299928,99976,,,
774,12.4593,0.0239,1.2634,0.0196,,,,,,299928,99976,,,
775,12.2362,0.0326,0.7248,0.0098,,,,,,299928,99976,,,
776,12.1523,0.0221,0.6823,0.0083,,,,,,299928,99976,,,
777,12.4108,0.0322,0.8208,0.0104,,,,,,299928,99976,,,
778,12.2256,0.0292,0.7357,0.0090,,,,,,299928,99976,,,
779,12.3216,0.0393,0.8124,0.0086,,,,,,299928,99976,,,
780,12.5647,0.0311,0.6971,0.0098,,,,,,299928,99976,,,
781,12.0313,0.0334,0.7209,0.0096,,,,,,299928,99976,,,
782,12.0135,0.0281,0.6600,0.0082,,,,,,299928,99976,,,
783,12.0681,0.0255,0.6468,0.0084,,,,,,299928,99976,,,
784,12.4595,0.0265,0.7430,0.0088,,,,,,299928,99976,,,
785,12.6376,0.0256,0.6860,0.0086,,,,,,299928,99976,,,
786,12.5602,0.0238,0.7188,0.0082,,,,,,299928,99976,,,
787,12.1531,0.0264,0.6653,0.0082,,,,,,299928,99976,,,
788,11.8681,0.0254,0.6733,0.0087,,,,,,299928,99976,,,
789,12.3717,0.0341,0.6383,0.0086,,,,,,299928,99976,,,
790,12.3382,0.0367,0.7239,0.0090,,,,,,299928,99976,,,
791,12.0880,0.0338,0.6657,0.0089,,,,,,299928,99976,,,
792,12.5511,0.0331,1.1092,0.0079,,,,,,299928,99976,,,
793,12.5351,0.0228,0.9321,0.0109,,,,,,299928,99976,,,
794,12.3053,0.0306,0.6920,0.0090,,,,,,299928,99976,,,
795,12.4006,0.0391,0.6618,0.0089,,,,,,299928,99976,,,
796,12.2518,0.0409,0.6481,0.0081,,,,,,299928,99976,,,
797,12.4202,0.0275,0.6586,0.0087,,,,,,299928,99976,,,
798,12.2686,0.0341,0.9164,0.0091,,,,,,299928,99976,,,
799,12.5052,0.0347,0.7605,0.0115,,,,,,299928,99976,,,
800,12.3113,0.0275,0.6378,0.0097,,,,,,299928,99976,,,
801,12.1397,0.0236,0.6352,0.0090,,,,,,299928,99976,,,
802,12.1271,0.0263,0.6809,0.0086,,,,,,299928,99976,,,
803,12.1051,0.0280,0.6959,0.0088,,,,,,299928,99976,,,
804,12.2412,0.0290,0.6750,0.0084,,,,,,299928,99976,,,
805,12.7484,0.0306,1.1617,0.0131,,,,,,299928,99976,,,
806,12.1074,0.0253,0.6533,0.0085,,,,,,299928,99976,,,
807,12.3102,0.0283,0.6771,0.0179,,,,,,299928,99976,,,
808,12.4712,0.0299,0.7483,0.0080,,,,,,299928,99976,,,
809,12.1725,0.0341,0.6880,0.0082,,,,,,299928,99976,,,
810,12.3661,0.0305,0.6368,0.0087,,,,,,299928,99976,,,
811,12.4152,0.0311,0.8460,0.0093,,,,,,299928,99976,,,
812,12.1000,0.0236,0.7621,0.0092,,,,,,299928,99976,,,
813,12.2329,0.0243,0.6507,0.0079,,,,,,299928,99976,,,
814,12.2971,0.0238,0.6485,0.0088,,,,,,299928,99976,,,
815,12.3648,0.0414,0.6789,0.0090,,,,,,299928,99976,,,
816,12.2809,0.0261,0.6762,0.0085,,,,,,299928,99976,,,
817,12.7137,0.0278,1.0263,0.0105,,,,,,299928,99976,,,
818,12.2706,0.0253,0.8326,0.0087,,,,,,299928,99976,,,
819,12.1742,0.0251,0.6184,0.0080,,,,,,299928,99976,,,
820,12.3791,0.0264,0.6710,0.0085,,,,,,299928,99976,,,
821,12.3326,0.0244,0.8446,0.0084,,,,,,299928,99976,,,
822,12.3992,0.0244,0.6690,0.0086,,,,,,299928,99976,,,
823,12.3549,0.0262,0.9100,0.0101,,,,,,299928,99976,,,
824,11.9605,0.0291,0.6445,0.0085,,,,,,299928,99976,,,
825,12.0970,0.0270,0.6777,0.0093,,,,,,299928,99976,,,
826,12.1976,0.0511,0.6688,0.0078,,,,,,299928,99976,,,
827,12.8458,0.0274,1.1191,0.0117,,,,,,299928,99976,,,
828,12.2277,0.0564,0.7462,0.0189,,,,,,299928,99976,,,
829,12.9862,0.0313,0.9477,0.0099,,,,,,299928,99976,,,
830,12.0568,0.0274,0.6171,0.0079,,,,,,299928,99976,,,
831,12.2939,0.0310,0.8460,0.0089,,,,,,299928,99976,,,
832,12.4446,0.0301,0.8792,0.0117,,,,,,299928,99976,,,
833,12.0544,0.0289,0.7927,0.0116,,,,,,299928,99976,,,
834,12.2116,0.0273,0.7436,0.0087,,,,,,299928,99976,,,
835,12.5707,0.0295,0.9411,0.0126,,,,,,299928,99976,,,
836,12.1414,0.0278,0.6945,0.0093,,,,,,299928,99976,,,
837,11.8994,0.0246,0.6656,0.0092,,,,,,299928,99976,,,
838,12.2523,0.0247,0.6149,0.0080,,,,,,299928,99976,,,
839,12.1618,0.0225,0.6985,0.0092,,,,,,299928,99976,,,
840,12.3350,0.0259,0.6552,0.0079,,,,,,299928,99976,,,
841,12.4071,0.1081,0.6908,0.0088,,,,,,299928,99976,,,
842,12.3249,0.0258,0.7318,0.0078,,,,,,299928,99976,,,
843,12.2311,0.0570,0.6701,0.0084,,,,,,299928,99976,,,
844,12.4425,0.0393,0.9854,0.0085,,,,,,299928,99976,,,
845,12.2848,0.0482,0.6795,0.0082,,,,,,299928,99976,,,
846,12.3018,0.0355,0.7270,0.0087,,,,,,299928,99976,,,
847,12.2043,0.0344,0.6794,0.0082,,,,,,299928,99976,,,
848,12.8905,0.0303,1.1942,0.0102,,,,,,299928,99976,,,
849,11.9261,0.0223,0.6792,0.0083,,,,,,299928,99976,,,
850,13.0716,0.0297,1.1766,0.0084,,,,,,299928,99976,,,
851,12.1589,0.0282,0.6634,0.0085,,,,,,299928,99976,,,
852,12.0382,0.0262,0.6863,0.0074,,,,,,299928,99976,,,
853,12.0565,0.0346,0.6397,0.0086,,,,,,299928,99976,,,
854,12.8060,0.0333,0.9013,0.0122,,,,,,299928,99976,,,
855,12.1323,0.0318,0.6813,0.0090,,,,,,299928,99976,,,
856,12.1403,0.0264,0.6454,0.0084,,,,,,299928,99976,,,
857,12.3069,0.0233,0.7793,0.0088,,,,,,299928,99976,,,
858,12.3009,0.0288,0.6849,0.0085,,,,,,299928,99976,,,
859,12.6122,0.0287,0.8626,0.0095,,,,,,299928,99976,,,
860,12.6160,0.0281,0.9146,0.0107,,,,,,299928,99976,,,
861,12.7049,0.0330,0.7416,0.0106,,,,,,299928,99976,,,
862,12.2393,0.0344,0.6522,0.0102,,,,,,299928,99976,,,
863,11.9300,0.0338,0.6586,0.0076,,,,,,299928,99976,,,
864,12.3275,0.0242,0.6781,0.0100,,,,,,299928,99976,,,
865,12.1314,0.0356,0.6514,0.0097,,,,,,299928,99976,,,
866,12.3422,0.0388,0.8120,0.0133,,,,,,299928,99976,,,
867,12.0462,0.0317,0.6908,0.0090,,,,,,299928,99976,,,
868,12.1920,0.0292,0.7887,0.0103,,,,,,299928,99976,,,
869,12.0085,0.0286,0.6108,0.0084,,,,,,299928,99976,,,
870,11.9984,0.0234,0.7079,0.0076,,,,,,299928,99976,,,
871,12.1709,0.0315,0.6407,0.0088,,,,,,299928,99976,,,
872,12.8982,0.0334,1.3099,0.0103,,,,,,299928,99976,,,
873,12.0304,0.0285,0.7003,0.0098,,,,,,299928,99976,,,
874,12.4369,0.0313,0.6832,0.0087,,,,,,299928,99976,,,
875,12.0815,0.0347,0.6567,0.0097,,,,,,299928,99976,,,
876,11.9355,0.0258,0.6314,0.0087,,,,,,299928,99976,,,
877,12.3285,0.0272,0.6686,0.0084,,,,,,299928,99976,,,
878,12.1356,0.0281,0.6643,0.0088,,,,,,299928,99976,,,
879,12.2098,0.0301,0.6306,0.0081,,,,,,299928,99976,,,
880,12.5658,0.0334,0.6664,0.0079,,,,,,299928,99976,,,
881,12.4771,0.0331,0.7471,0.0093,,,,,,299928,99976,,,
882,12.2132,0.0325,0.6425,0.0083,,,,,,299928,99976,,,
883,12.5248,0.0333,1.0133,0.0082,,,,,,299928,99976,,,
884,12.0260,0.0258,0.6311,0.0082,,,,,,299928,99976,,,
885,12.0476,0.0332,0.6506,0.0080,,,,,,299928,99976,,,
886,12.0454,0.0331,0.6605,0.0086,,,,,,299928,99976,,,
887,11.9701,0.0487,0.6673,0.0085,,,,,,299928,99976,,,
888,12.3084,0.0266,0.7841,0.0091,,,,,,299928,99976,,,
889,11.9702,0.0259,0.6496,0.0096,,,,,,299928,99976,,,
890,12.4743,0.0304,0.7604,0.0093,,,,,,299928,99976,,,
891,12.2712,0.0259,0.6576,0.0093,,,,,,299928,99976,,,
892,12.0222,0.0238,0.6908,0.0088,,,,,,299928,99976,,,
893,1.3117,0.4045,0.7138,0.0107,,,,,,299928,99976,,,
894,1.2609,0.1001,0.9260,0.0137,,,,,,299928,99976,,,
895,2.2357,0.0428,1.7890,0.0133,,,,,,299928,99976,,,
896,1.9880,0.0247,1.7710,0.0230,,,,,,299928,99976,,,
897,1.3555,0.0218,1.1058,0.0104,,,,,,299928,99976,,,
898,3.7786,0.0371,3.3692,0.0220,,,,,,299928,99976,,,
899,1.1323,0.0162,0.9583,0.0086,,,,,,299928,99976,,,
900,4.0862,0.0551,3.5335,0.0255,,,,,,299928,99976,,,
901,1.3983,0.0158,1.1922,0.0087,,,,,,299928,99976,,,
902,1.1693,0.0223,0.9618,0.0117,,,,,,299928,99976,,,
903,1.0930,0.0304,0.8403,0.0348,,,,,,299928,99976,,,
904,0.9385,0.0216,0.7393,0.0101,,,,,,299928,99976,,,
905,1.9193,0.4943,1.2433,0.0086,,,,,,299928,99976,,,
906,1.8792,0.0523,1.6549,0.0102,,,,,,299928,99976,,,
907,1.4273,0.0206,1.2245,0.0100,,,,,,299928,99976,,,
908,1.1103,0.0408,0.9128,0.0085,,,,,,299928,99976,,,
909,1.7229,0.0162,1.5490,0.0094,,,,,,299928,99976,,,
910,0.8854,0.0200,0.6796,0.0106,,,,,,299928,99976,,,
911,1.5385,0.0205,1.3391,0.0095,,,,,,299928,99976,,,
912,4.0454,0.0377,3.5855,0.0297,,,,,,299928,99976,,,
913,0.7431,0.0183,0.5664,0.0093,,,,,,299928,99976,,,
914,0.7987,0.0204,0.6012,0.0093,,,,,,299928,99976,,,
915,1.3707,0.0188,1.1712,0.0091,,,,,,299928,99976,,,
916,1.0632,0.0216,0.8440,0.0219,,,,,,299928,99976,,,
917,0.7735,0.0193,0.5830,0.0083,,,,,,299928,99976,,,
918,0.7465,0.0189,0.5680,0.0088,,,,,,299928,99976,,,
919,1.0953,0.0231,0.8612,0.0099,,,,,,299928,99976,,,
920,0.7469,0.0178,0.5687,0.0083,,,,,,299928,99976,,,
921,1.7176,0.0180,1.5308,0.0094,,,,,,299928,99976,,,
922,1.0654,0.0241,0.8175,0.0108,,,,,,299928,99976,,,
923,0.8068,0.0202,0.6149,0.0103,,,,,,299928,99976,,,
924,1.2679,0.0195,1.0804,0.0089,,,,,,299928,99976,,,
925,1.3363,0.0197,1.1330,0.0103,,,,,,299928,99976,,,
926,1.1321,0.0178,0.9477,0.0081,,,,,,299928,99976,,,
927,0.9448,0.0221,0.7473,0.0094,,,,,,299928,99976,,,
928,1.6497,0.0331,1.2888,0.0195,,,,,,299928,99976,,,
929,1.3669,0.0174,1.1912,0.0089,,,,,,299928,99976,,,
930,0.7789,0.0178,0.6084,0.0089,,,,,,299928,99976,,,
931,1.2522,0.0203,1.0670,0.0095,,,,,,299928,99976,,,
932,4.2876,0.0492,3.8045,0.0273,,,,,,299928,99976,,,
933,2.5746,0.0323,2.2035,0.0243,,,,,,299928,99976,,,
934,0.9521,0.0210,0.7364,0.0087,,,,,,299928,99976,,,
935,2.3511,0.0367,1.9517,0.0101,,,,,,299928,99976,,,
936,1.3560,0.0164,1.1807,0.0088,,,,,,299928,99976,,,
937,1.0204,0.0306,0.7682,0.0121,,,,,,299928,99976,,,
938,1.6111,0.0277,1.3716,0.0140,,,,,,299928,99976,,,
939,0.8059,0.0173,0.6307,0.0096,,,,,,299928,99976,,,
940,0.9159,0.0230,0.7014,0.0105,,,,,,299928,99976,,,
941,1.1437,0.0328,0.8792,0.0132,,,,,,299928,99976,,,
942,0.8979,0.0253,0.6702,0.0117,,,,,,299928,99976,,,
943,1.0293,0.0230,0.8146,0.0101,,,,,,299928,99976,,,
944,1.0179,0.0297,0.7419,0.0119,,,,,,299928,99976,,,
945,0.9736,0.0247,0.7539,0.0116,,,,,,299928,99976,,,
946,1.5321,0.0947,1.2380,0.0106,,,,,,299928,99976,,,
947,1.0099,0.1369,0.6753,0.0116,,,,,,299928,99976,,,
948,1.3228,0.2966,0.8418,0.0120,,,,,,299928,99976,,,
949,0.9118,0.1447,0.5891,0.0092,,,,,,299928,99976,,,
950,1.0738,0.2148,0.6879,0.0092,,,,,,299928,99976,,,
951,1.3005,0.1142,0.9836,0.0114,,,,,,299928,99976,,,
952,1.4224,0.1108,1.1248,0.0102,,,,,,299928,99976,,,
953,1.6390,0.1659,1.2672,0.0200,,,,,,299928,99976,,,
954,1.2796,0.0191,1.0883,0.0099,,,,,,299928,99976,,,
955,2.9321,0.0360,2.5005,0.0227,,,,,,299928,99976,,,
956,3.5486,0.0527,3.0989,0.0356,,,,,,299928,99976,,,
957,2.1535,0.0434,1.6737,0.0224,,,,,,299928,99976,,,
958,4.5114,0.0567,3.9489,0.0295,,,,,,299928,99976,,,
959,1.4582,0.0198,1.2213,0.0090,,,,,,299928,99976,,,
960,1.5007,0.0441,1.0938,0.0143,,,,,,299928,99976,,,
961,3.2637,0.0339,2.8793,0.0201,,,,,,299928,99976,,,
962,0.7321,0.0171,0.5555,0.0088,,,,,,299928,99976,,,
963,1.3242,0.0192,1.1355,0.0087,,,,,,299928,99976,,,
964,0.7771,0.0176,0.6001,0.0083,,,,,,299928,99976,,,
965,1.4525,0.0245,1.2292,0.0125,,,,,,299928,99976,,,
966,0.8754,0.0204,0.6787,0.0208,,,,,,299928,99976,,,
967,1.0947,0.0214,0.8961,0.0208,,,,,,299928,99976,,,
968,1.1285,0.0191,0.9406,0.0101,,,,,,299928,99976,,,
969,1.0871,0.1222,0.7796,0.0096,,,,,,299928,99976,,,
970,1.2600,0.3916,0.6721,0.0120,,,,,,299928,99976,,,
971,1.7243,0.6749,0.8461,0.0237,,,,,,299928,99976,,,
972,1.1923,0.2371,0.7170,0.0119,,,,,,299928,99976,,,
973,1.4828,0.3674,0.8587,0.0129,,,,,,299928,99976,,,
974,1.6044,0.2607,1.1043,0.0137,,,,,,299928,99976,,,
975,1.5061,0.1570,1.1249,0.0134,,,,,,299928,99976,,,
976,1.7566,0.2983,1.2484,0.0115,,,,,,299928,99976,,,
977,1.3156,0.0246,1.0921,0.0134,,,,,,299928,99976,,,
978,1.4113,0.3134,0.8797,0.0129,,,,,,299928,99976,,,
979,1.1558,0.1321,0.8173,0.0130,,,,,,299928,99976,,,
980,1.6504,0.0298,1.4036,0.0132,,,,,,299928,99976,,,
981,1.2183,0.2353,0.7797,0.0119,,,,,,299928,99976,,,
982,1.5740,0.2062,1.1604,0.0211,,,,,,299928,99976,,,
983,0.9190,0.0263,0.6923,0.0112,,,,,,299928,99976,,,
984,2.1357,0.0395,1.6918,0.0204,,,,,,299928,99976,,,
985,1.2819,0.1240,0.9716,0.0113,,,,,,299928,99976,,,
986,0.9771,0.1918,0.6104,0.0098,,,,,,299928,99976,,,
987,1.7426,0.5078,1.0258,0.0109,,,,,,299928,99976,,,
988,0.9589,0.1506,0.6224,0.0105,,,,,,299928,99976,,,
989,1.2541,0.2415,0.8208,0.0102,,,,,,299928,99976,,,
990,1.0606,0.2358,0.6337,0.0104,,,,,,299928,99976,,,
991,1.4522,0.1813,1.0144,0.0110,,,,,,299928,99976,,,
992,1.2608,0.2308,0.7901,0.0148,,,,,,299928,99976,,,
993,1.1545,0.1794,0.7485,0.0125,,,,,,299928,99976,,,
994,1.0565,0.0328,0.7892,0.0120,,,,,,299928,99976,,,
995,1.8142,0.3171,1.1619,0.0265,,,,,,299928,99976,,,
996,1.0429,0.0324,0.7695,0.0135,,,,,,299928,99976,,,
997,1.0757,0.0311,0.8169,0.0123,,,,,,299928,99976,,,
998,1.0337,0.0319,0.7505,0.0120,,,,,,299928,99976,,,
999,1.0785,0.0314,0.8207,0.0116,,,,,,299928,99976,,,
1000,1.4886,0.0202,1.3005,0.0097,,,,,,299928,99976,,,
1001,1.6104,0.0224,1.4053,0.0103,,,,,,299928,99976,,,
1002,1.9068,0.0248,1.6788,0.0197,,,,,,299928,99976,,,
1003,1.1700,0.0205,0.9882,0.0089,,,,,,299928,99976,,,
1004,1.4951,0.5485,0.7751,0.0198,,,,,,299928,99976,,,
1005,1.0049,0.0212,0.8029,0.0104,,,,,,299928,99976,,,
1006,0.9736,0.0185,0.7971,0.0092,,,,,,299928,99976,,,
1007,0.9764,0.0182,0.7854,0.0091,,,,,,299928,99976,,,
1008,1.5537,0.0262,1.3159,0.0138,,,,,,299928,99976,,,
1009,0.8356,0.0226,0.6350,0.0096,,,,,,299928,99976,,,
1010,1.3273,0.0181,1.1567,0.0086,,,,,,299928,99976,,,
1011,0.9296,0.0183,0.7217,0.0084,,,,,,299928,99976,,,
1012,1.1531,0.0193,0.9639,0.0090,,,,,,299928,99976,,,
1013,1.4701,0.0205,1.2731,0.0098,,,,,,299928,99976,,,
1014,1.4453,0.0176,1.2607,0.0191,,,,,,299928,99976,,,
1015,0.8886,0.0214,0.6827,0.0202,,,,,,299928,99976,,,
1016,0.8556,0.0170,0.6729,0.0090,,,,,,299928,99976,,,
1017,1.3240,0.0182,1.1526,0.0100,,,,,,299928,99976,,,
1018,0.9514,0.0281,0.7130,0.0116,,,,,,299928,99976,,,
1019,0.8126,0.0181,0.6265,0.0098,,,,,,299928,99976,,,
1020,0.8350,0.0210,0.6335,0.0093,,,,,,299928,99976,,,
1021,0.9093,0.0220,0.7093,0.0096,,,,,,299928,99976,,,
1022,0.7198,0.0180,0.5501,0.0084,,,,,,299928,99976,,,
1023,0.8347,0.0212,0.6383,0.0116,,,,,,299928,99976,,,
1024,1.6343,0.0210,1.4053,0.0107,,,,,,299928,99976,,,
1025,0.8579,0.0245,0.6410,0.0105,,,,,,299928,99976,,,
1026,1.0863,0.0182,0.9031,0.0086,,,,,,299928,99976,,,
1027,1.0542,0.0298,0.8022,0.0113,,,,,,299928,99976,,,
1028,0.7775,0.0199,0.5914,0.0093,,,,,,299928,99976,,,
1029,0.8293,0.0198,0.6341,0.0109,,,,,,299928,99976,,,
1030,0.9059,0.0173,0.7365,0.0089,,,,,,299928,99976,,,
1031,0.7542,0.0167,0.5787,0.0081,,,,,,299928,99976,,,
1032,0.8940,0.0220,0.6903,0.0101,,,,,,299928,99976,,,
1033,0.8726,0.0242,0.6578,0.0106,,,,,,299928,99976,,,
1034,0.9823,0.0298,0.7384,0.0116,,,,,,299928,99976,,,
1035,1.4241,0.0202,1.2245,0.0100,,,,,,299928,99976,,,
1036,0.7954,0.0175,0.6126,0.0105,,,,,,299928,99976,,,
1037,0.9423,0.0170,0.7619,0.0089,,,,,,299928,99976,,,
1038,100.1361,98.7685,1.1402,0.0124,,,,,,299928,99976,,,
TOTAL,8996.8574,155.7098,912.0064,11.0248,7718.6401,415.6977,3083.7711,3791.0273,296.8185,311625192,103875064,641,3130783,14604
