trīstūri,rezolūcija,metode,laiks,vps
1280,4,Skanēšanas Līniju Metode,0.2125,301119
1280,4,Startu Izsekošanas Metode,0.0956,669736
1280,4,Fragment Ēnotāja metode,0.4111,155687
1280,4,Skaitļošanas Ēnotāja metode,0.5382,118914
1280,8,Skanēšanas Līniju Metode,0.5418,944963
1280,8,Startu Izsekošanas Metode,0.0772,6630406
1280,8,Fragment Ēnotāja metode,0.5954,859926
1280,8,Skaitļošanas Ēnotāja metode,0.4139,1236953
1280,16,Skanēšanas Līniju Metode,1.1559,3543497
1280,16,Startu Izsekošanas Metode,0.4516,9069973
1280,16,Fragment Ēnotāja metode,0.4408,9292617
1280,16,Skaitļošanas Ēnotāja metode,0.5787,7078422
1280,32,Skanēšanas Līniju Metode,2.5906,12648807
1280,32,Startu Izsekošanas Metode,0.8946,36627023
1280,32,Fragment Ēnotāja metode,0.6608,49586876
1280,32,Skaitļošanas Ēnotāja metode,0.5875,55771522
1280,64,Skanēšanas Līniju Metode,12.7809,20510605
1280,64,Startu Izsekošanas Metode,1.7827,147048858
1280,64,Fragment Ēnotāja metode,3.8069,68859503
1280,64,Skaitļošanas Ēnotāja metode,2.827,92729343
1280,128,Skanēšanas Līniju Metode,31.1609,67300795
1280,128,Startu Izsekošanas Metode,9.747,215159598
1280,128,Fragment Ēnotāja metode,14.3129,146522218
1280,128,Skaitļošanas Ēnotāja metode,16.1151,130135996
1280,256,Skanēšanas Līniju Metode,160.0069,104853091
1280,256,Startu Izsekošanas Metode,22.1937,755944294
1280,256,Fragment Ēnotāja metode,87.6312,191452498
1280,256,Skaitļošanas Ēnotāja metode,219.7959,76330893
5120,4,Skanēšanas Līniju Metode,0.9033,70849
5120,4,Startu Izsekošanas Metode,0.1272,502986
5120,4,Fragment Ēnotāja metode,1.0327,61974
5120,4,Skaitļošanas Ēnotāja metode,0.9033,70852
5120,8,Skanēšanas Līniju Metode,2.1138,242215
5120,8,Startu Izsekošanas Metode,3.2352,158261
5120,8,Fragment Ēnotāja metode,3.0309,168928
5120,8,Skaitļošanas Ēnotāja metode,2.5094,204029
5120,16,Skanēšanas Līniju Metode,4.754,861593
5120,16,Startu Izsekošanas Metode,6.4743,632653
5120,16,Fragment Ēnotāja metode,4.533,903599
5120,16,Skaitļošanas Ēnotāja metode,1.1935,3431980
5120,32,Skanēšanas Līniju Metode,9.7424,3363435
5120,32,Startu Izsekošanas Metode,1.0675,30696018
5120,32,Fragment Ēnotāja metode,1.0417,31456273
5120,32,Skaitļošanas Ēnotāja metode,2.5008,13103111
5120,64,Skanēšanas Līniju Metode,20.1982,12978556
5120,64,Startu Izsekošanas Metode,3.2821,79871787
5120,64,Fragment Ēnotāja metode,2.3546,111334601
5120,64,Skaitļošanas Ēnotāja metode,2.7379,95746374
5120,128,Skanēšanas Līniju Metode,50.259,41726911
5120,128,Startu Izsekošanas Metode,15.0979,138903188
5120,128,Fragment Ēnotāja metode,13.8792,151100569
5120,128,Skaitļošanas Ēnotāja metode,16.8875,124183980
5120,256,Skanēšanas Līniju Metode,217.1952,77244860
5120,256,Startu Izsekošanas Metode,56.5092,296893637
5120,256,Fragment Ēnotāja metode,90.7854,184800775
5120,256,Skaitļošanas Ēnotāja metode,219.7325,76352924
20480,4,Skanēšanas Līniju Metode,4.5872,13951
20480,4,Startu Izsekošanas Metode,7.8029,8202
20480,4,Fragment Ēnotāja metode,3.7287,17164
20480,4,Skaitļošanas Ēnotāja metode,2.2893,27955
20480,8,Skanēšanas Līniju Metode,10.5445,48556
20480,8,Startu Izsekošanas Metode,1.9311,265131
20480,8,Fragment Ēnotāja metode,7.1815,71294
20480,8,Skaitļošanas Ēnotāja metode,2.1807,234786
20480,16,Skanēšanas Līniju Metode,14.3543,285350
20480,16,Startu Izsekošanas Metode,2.207,1855929
20480,16,Fragment Ēnotāja metode,0.747,5483413
20480,16,Skaitļošanas Ēnotāja metode,0.8844,4631493
20480,32,Skanēšanas Līniju Metode,27.8341,1177262
20480,32,Startu Izsekošanas Metode,3.9102,8380176
20480,32,Fragment Ēnotāja metode,1.2778,25644878
20480,32,Skaitļošanas Ēnotāja metode,1.0969,29874368
20480,64,Skanēšanas Līniju Metode,55.7964,4698225
20480,64,Startu Izsekošanas Metode,12.3798,21175140
20480,64,Fragment Ēnotāja metode,2.1686,120882789
20480,64,Skaitļošanas Ēnotāja metode,3.3518,78210383
20480,128,Skanēšanas Līniju Metode,128.9836,16259059
20480,128,Startu Izsekošanas Metode,51.629,40619667
20480,128,Fragment Ēnotāja metode,14.8002,141697736
20480,128,Skaitļošanas Ēnotāja metode,17.0269,123166699
20480,256,Skanēšanas Līniju Metode,433.6239,38690705
20480,256,Startu Izsekošanas Metode,182.953,91702347
20480,256,Fragment Ēnotāja metode,96.7038,173490834
20480,256,Skaitļošanas Ēnotāja metode,217.2693,77218523
81920,4,Skanēšanas Līniju Metode,12.1917,5249
81920,4,Startu Izsekošanas Metode,3.5465,18045
81920,4,Fragment Ēnotāja metode,2.9959,21362
81920,4,Skaitļošanas Ēnotāja metode,2.9519,21680
81920,8,Skanēšanas Līniju Metode,25.3346,20209
81920,8,Startu Izsekošanas Metode,6.6964,76458
81920,8,Fragment Ēnotāja metode,2.1539,237703
81920,8,Skaitļošanas Ēnotāja metode,3.9177,130689
81920,16,Skanēšanas Līniju Metode,46.9466,87248
81920,16,Startu Izsekošanas Metode,6.4656,633508
81920,16,Fragment Ēnotāja metode,2.1519,1903434
81920,16,Skaitļošanas Ēnotāja metode,4.1412,989085
81920,32,Skanēšanas Līniju Metode,96.9761,337897
81920,32,Startu Izsekošanas Metode,14.4661,2265154
81920,32,Fragment Ēnotāja metode,2.3839,13745543
81920,32,Skaitļošanas Ēnotāja metode,3.5916,9123459
81920,64,Skanēšanas Līniju Metode,207.4148,1263863
81920,64,Startu Izsekošanas Metode,48.3329,5423713
81920,64,Fragment Ēnotāja metode,4.4816,58493656
81920,64,Skaitļošanas Ēnotāja metode,6.4929,40373946
81920,128,Skanēšanas Līniju Metode,442.6588,4737626
81920,128,Startu Izsekošanas Metode,185.7108,11292566
81920,128,Fragment Ēnotāja metode,18.5509,113048531
81920,128,Skaitļošanas Ēnotāja metode,22.2564,94227003
81920,256,Skanēšanas Līniju Metode,1162.2724,14434839
81920,256,Startu Izsekošanas Metode,688.9648,24351338
81920,256,Fragment Ēnotāja metode,98.5221,170288893
81920,256,Skaitļošanas Ēnotāja metode,240.4677,69769104
327680,4,Skanēšanas Līniju Metode,57.4422,1114
327680,4,Startu Izsekošanas Metode,18.4417,3470
327680,4,Fragment Ēnotāja metode,8.3563,7658
327680,4,Skaitļošanas Ēnotāja metode,9.8232,6515
327680,8,Skanēšanas Līniju Metode,95.8463,5341
327680,8,Startu Izsekošanas Metode,22.1052,23162
327680,8,Fragment Ēnotāja metode,8.3819,61084
327680,8,Skaitļošanas Ēnotāja metode,12.9757,39458
327680,16,Skanēšanas Līniju Metode,185.0816,22130
327680,16,Startu Izsekošanas Metode,24.6706,166027
327680,16,Fragment Ēnotāja metode,10.4017,393781
327680,16,Skaitļošanas Ēnotāja metode,9.4863,431778
327680,32,Skanēšanas Līniju Metode,354.1315,92530
327680,32,Startu Izsekošanas Metode,69.2533,473161
327680,32,Fragment Ēnotāja metode,10.6444,3078437
327680,32,Skaitļošanas Ēnotāja metode,10.1413,3231137
327680,64,Skanēšanas Līniju Metode,717.2557,365481
327680,64,Startu Izsekošanas Metode,178.3084,1470171
327680,64,Fragment Ēnotāja metode,11.2346,23333546
327680,64,Skaitļošanas Ēnotāja metode,12.0843,21692940
327680,128,Skanēšanas Līniju Metode,1508.152,1390544
327680,128,Startu Izsekošanas Metode,665.416,3151640
327680,128,Fragment Ēnotāja metode,21.0762,99503420
327680,128,Skaitļošanas Ēnotāja metode,24.8074,84537492
327680,256,Skanēšanas Līniju Metode,3380.2037,4963374
327680,256,Startu Izsekošanas Metode,2720.0581,6167962
327680,256,Fragment Ēnotāja metode,100.4953,166945280
327680,256,Skaitļošanas Ēnotāja metode,252.076,66556181
1310720,4,Skanēšanas Līniju Metode,203.9367,313
1310720,4,Startu Izsekošanas Metode,52.9395,1208
1310720,4,Fragment Ēnotāja metode,32.3026,1981
1310720,4,Skaitļošanas Ēnotāja metode,33.9514,1885
1310720,8,Skanēšanas Līniju Metode,367.2498,1394
1310720,8,Startu Izsekošanas Metode,64.041,7994
1310720,8,Fragment Ēnotāja metode,32.65,15681
1310720,8,Skaitļošanas Ēnotāja metode,33.2331,15406
1310720,16,Skanēšanas Līniju Metode,699.7956,5853
1310720,16,Startu Izsekošanas Metode,112.8847,36284
1310720,16,Fragment Ēnotāja metode,29.197,140288
1310720,16,Skaitļošanas Ēnotāja metode,34.7121,117999
1310720,32,Skanēšanas Līniju Metode,1382.9033,23695
1310720,32,Startu Izsekošanas Metode,263.064,124562
1310720,32,Fragment Ēnotāja metode,31.622,1036239
1310720,32,Skaitļošanas Ēnotāja metode,41.2629,794127
1310720,64,Skanēšanas Līniju Metode,2758.2715,95039
1310720,64,Startu Izsekošanas Metode,870.4675,301153
1310720,64,Fragment Ēnotāja metode,33.5681,7809314
1310720,64,Skaitļošanas Ēnotāja metode,38.252,6853086
1310720,128,Skanēšanas Līniju Metode,5587.1395,375353
1310720,128,Startu Izsekošanas Metode,3284.8703,638427
1310720,128,Fragment Ēnotāja metode,40.3453,51980133
1310720,128,Skaitļošanas Ēnotāja metode,54.6348,38384898
1310720,256,Skanēšanas Līniju Metode,11535.5631,1454390
1310720,256,Startu Izsekošanas Metode,13680.5842,1226352
1310720,256,Fragment Ēnotāja metode,124.9263,134296930
1310720,256,Skaitļošanas Ēnotāja metode,292.7016,57318489
